Brand,Year,Collection,Variant,Card #,Player Name,Team,Card Details
Bowman,2024,Draft,Base,BD-1,Travis Bazzana,Cleveland Guardians,
Bowman,2024,Draft,Base,BD-2,Hagen Smith,Chicago White Sox,
Bowman,2024,Draft,Base,BD-3,Josh Hartle,Pittsburgh Pirates,
Bowman,2024,Draft,Base,BD-4,Thayron Liranzo,Detroit Tigers,
Bowman,2024,Draft,Base,BD-5,Luis Guanipa,Atlanta Braves,
Bowman,2024,Draft,Base,BD-6,Jaron DeBerry,Milwaukee Brewers,
Bowman,2024,Draft,Base,BD-7,Ethan Schiefelbein,Detroit Tigers,
Bowman,2024,Draft,Base,BD-8,Jac Caglianone,Kansas City Royals,
Bowman,2024,Draft,Base,BD-9,Cole Messina,Colorado Rockies,
Bowman,2024,Draft,Base,BD-10,Gage Ziehl,New York Yankees,
Bowman,2024,Draft,Base,BD-11,Jared Thomas,Colorado Rockies,
Bowman,2024,Draft,Base,BD-12,Carter Johnson,Miami Marlins,
Bowman,2024,Draft,Base,BD-13,Christian Moore,Los Angeles Angels,
Bowman,2024,Draft,Base,BD-14,Nick McLain,Chicago White Sox,
Bowman,2024,Draft,Base,BD-15,Colt Emerson,Seattle Mariners,
Bowman,2024,Draft,Base,BD-16,Dante Nori,Philadelphia Phillies,
Bowman,2024,Draft,Base,BD-17,Woody Hadeen,Detroit Tigers,
Bowman,2024,Draft,Base,BD-18,Ryan Waldschmidt,Arizona Diamondbacks,
Bowman,2024,Draft,Base,BD-19,Roman Anthony,Boston Red Sox,
Bowman,2024,Draft,Base,BD-20,Cam Caminiti,Atlanta Braves,
Bowman,2024,Draft,Base,BD-21,Griff O'Ferrall,Baltimore Orioles,
Bowman,2024,Draft,Base,BD-22,Konnor Griffin,Pittsburgh Pirates,
Bowman,2024,Draft,Base,BD-23,Rhett Lowder,Cincinnati Reds,
Bowman,2024,Draft,Base,BD-24,Kellon Lindsey,Los Angeles Dodgers,
Bowman,2024,Draft,Base,BD-25,Harry Ford,Seattle Mariners,
Bowman,2024,Draft,Base,BD-26,Matt Shaw,Chicago Cubs,
Bowman,2024,Draft,Base,BD-27,Blake Wright,Colorado Rockies,
Bowman,2024,Draft,Base,BD-28,Carson Benge,New York Mets,
Bowman,2024,Draft,Base,BD-29,Ivan Luciano,Arizona Diamondbacks,
Bowman,2024,Draft,Base,BD-30,Jacob Cozart,Cleveland Guardians,
Bowman,2024,Draft,Base,BD-31,Caleb Bonemer,Chicago White Sox,
Bowman,2024,Draft,Base,BD-32,Mike Sirota,Cincinnati Reds,
Bowman,2024,Draft,Base,BD-33,Casey Saucke,Chicago White Sox,
Bowman,2024,Draft,Base,BD-34,Boston Bateman,San Diego Padres,
Bowman,2024,Draft,Base,BD-35,JD Dix,Arizona Diamondbacks,
Bowman,2024,Draft,Base,BD-36,Johnny King,Toronto Blue Jays,
Bowman,2024,Draft,Base,BD-37,Braylon Doughty,Cleveland Guardians,
Bowman,2024,Draft,Base,BD-38,Noble Meyer,Miami Marlins,
Bowman,2024,Draft,Base,BD-39,Brody Brecht,Colorado Rockies,
Bowman,2024,Draft,Base,BD-40,James Tibbs III,San Francisco Giants,
Bowman,2024,Draft,Base,BD-41,Ryan Johnson,Los Angeles Angels,
Bowman,2024,Draft,Base,BD-42,Dylan Dreiling,Texas Rangers,
Bowman,2024,Draft,Base,BD-43,Tink Hence,St. Louis Cardinals,
Bowman,2024,Draft,Base,BD-44,Tyson Lewis,Cincinnati Reds,
Bowman,2024,Draft,Base,BD-45,Ty Southisene,Chicago Cubs,
Bowman,2024,Draft,Base,BD-46,Dalton Rushing,Los Angeles Dodgers,
Bowman,2024,Draft,Base,BD-47,Josue De Paula,Los Angeles Dodgers,
Bowman,2024,Draft,Base,BD-48,Bryce Eldridge,San Francisco Giants,
Bowman,2024,Draft,Base,BD-49,John Spikerman,Philadelphia Phillies,
Bowman,2024,Draft,Base,BD-50,Connor Foley,Arizona Diamondbacks,
Bowman,2024,Draft,Base,BD-51,Tyson Neighbors,San Diego Padres,
Bowman,2024,Draft,Base,BD-52,Ryan Clifford,New York Mets,
Bowman,2024,Draft,Base,BD-53,Daniel Eagen,Arizona Diamondbacks,
Bowman,2024,Draft,Base,BD-54,Josh Kuroda-Grauer,Oakland Athletics,
Bowman,2024,Draft,Base,BD-55,Chase Burns,Cincinnati Reds,
Bowman,2024,Draft,Base,BD-56,Nick Kurtz,Oakland Athletics,
Bowman,2024,Draft,Base,BD-57,Kavares Tears,San Diego Padres,
Bowman,2024,Draft,Base,BD-58,Braden Montgomery,Boston Red Sox,
Bowman,2024,Draft,Base,BD-59,Khal Stephen,Toronto Blue Jays,
Bowman,2024,Draft,Base,BD-60,Griffin Burkholder,Philadelphia Phillies,
Bowman,2024,Draft,Base,BD-61,Zac Veen,Colorado Rockies,
Bowman,2024,Draft,Base,BD-62,Seaver King,Washington Nationals,
Bowman,2024,Draft,Base,BD-63,Payton Tolle,Boston Red Sox,
Bowman,2024,Draft,Base,BD-64,Gage Miller,Miami Marlins,
Bowman,2024,Draft,Base,BD-65,Jonathan Santucci,New York Mets,
Bowman,2024,Draft,Base,BD-66,Casey Cook,Texas Rangers,
Bowman,2024,Draft,Base,BD-67,Cam Smith,Chicago Cubs,
Bowman,2024,Draft,Base,BD-68,Billy Amick,Minnesota Twins,
Bowman,2024,Draft,Base,BD-69,Caden Dana,Los Angeles Angels,
Bowman,2024,Draft,Base,BD-70,Kash Mayfield,San Diego Padres,
Bowman,2024,Draft,Base,BD-71,Dakota Jordan,San Francisco Giants,
Bowman,2024,Draft,Base,BD-72,Braylon Payne,Milwaukee Brewers,
Bowman,2024,Draft,Base,BD-73,Theo Gillen,Tampa Bay Rays,
Bowman,2024,Draft,Base,BD-74,Carter Holton,Atlanta Braves,
Bowman,2024,Draft,Base,BD-75,Drew Beam,Kansas City Royals,
Bowman,2024,Draft,Base,BD-76,Felnin Celesten,Seattle Mariners,
Bowman,2024,Draft,Base,BD-77,Chris Cortez,Los Angeles Angels,
Bowman,2024,Draft,Base,BD-78,Mick Abel,Philadelphia Phillies,
Bowman,2024,Draft,Base,BD-79,Ethan Anderson,Baltimore Orioles,
Bowman,2024,Draft,Base,BD-80,Michael Massey,Detroit Tigers,
Bowman,2024,Draft,Base,BD-81,Cole Mathis,Chicago Cubs,
Bowman,2024,Draft,Base,BD-82,Luke Keaschall,Minnesota Twins,
Bowman,2024,Draft,Base,BD-83,Levi Sterling,Pittsburgh Pirates,
Bowman,2024,Draft,Base,BD-84,Cooper Pratt,Milwaukee Brewers,
Bowman,2024,Draft,Base,BD-85,Blake Larson,Chicago White Sox,
Bowman,2024,Draft,Base,BD-86,Bryce Rainer,Detroit Tigers,
Bowman,2024,Draft,Base,BD-87,Ben Hess,New York Yankees,
Bowman,2024,Draft,Base,BD-88,Nathan Flewelling,Tampa Bay Rays,
Bowman,2024,Draft,Base,BD-89,Carson DeMartini,Philadelphia Phillies,
Bowman,2024,Draft,Base,BD-90,Brandon Sproat,New York Mets,
Bowman,2024,Draft,Base,BD-91,Aiden May,Miami Marlins,
Bowman,2024,Draft,Base,BD-92,Trey Yesavage,Toronto Blue Jays,
Bowman,2024,Draft,Base,BD-93,Joswa Lugo,Los Angeles Angels,
Bowman,2024,Draft,Base,BD-94,Bryce Meccage,Milwaukee Brewers,
Bowman,2024,Draft,Base,BD-95,Blake Burke,Milwaukee Brewers,
Bowman,2024,Draft,Base,BD-96,Chase Harlan,Los Angeles Dodgers,
Bowman,2024,Draft,Base,BD-97,Bryce Cunningham,New York Yankees,
Bowman,2024,Draft,Base,BD-98,Kaelen Culpepper,Minnesota Twins,
Bowman,2024,Draft,Base,BD-99,Ryan Sloan,Seattle Mariners,
Bowman,2024,Draft,Base,BD-100,Luke Holman,Cincinnati Reds,
Bowman,2024,Draft,Base,BD-101,Nate Dohm,New York Mets,
Bowman,2024,Draft,Base,BD-102,Arjun Nimmala,Toronto Blue Jays,
Bowman,2024,Draft,Base,BD-103,Chandler Welch,Milwaukee Brewers,
Bowman,2024,Draft,Base,BD-104,Max Clark,Detroit Tigers,
Bowman,2024,Draft,Base,BD-105,Daiber De Los Santos,Minnesota Twins,
Bowman,2024,Draft,Base,BD-106,Yoeilin Cespedes,Boston Red Sox,
Bowman,2024,Draft,Base,BD-107,Francisco Vilorio,New York Yankees,
Bowman,2024,Draft,Base,BD-108,Kodey Shojinaga,Philadelphia Phillies,
Bowman,2024,Draft,Base,BD-109,Ariel Armas,Chicago Cubs,
Bowman,2024,Draft,Base,BD-110,Luis Baez,Houston Astros,
Bowman,2024,Draft,Base,BD-111,Tommy Troy,Arizona Diamondbacks,
Bowman,2024,Draft,Base,BD-112,Sebastian Walcott,Texas Rangers,
Bowman,2024,Draft,Base,BD-113,Emil Morales,Los Angeles Dodgers,
Bowman,2024,Draft,Base,BD-114,Nick Mitchell,Toronto Blue Jays,
Bowman,2024,Draft,Base,BD-115,Aidan Miller,Philadelphia Phillies,
Bowman,2024,Draft,Base,BD-116,Leo De Vries,San Diego Padres,
Bowman,2024,Draft,Base,BD-117,Brock Wilken,Milwaukee Brewers,
Bowman,2024,Draft,Base,BD-118,George Lombard Jr.,New York Yankees,
Bowman,2024,Draft,Base,BD-119,Adolfo Sanchez,Cincinnati Reds,
Bowman,2024,Draft,Base,BD-120,Yohandy Morales,Washington Nationals,
Bowman,2024,Draft,Base,BD-121,Fenwick Trimble,Miami Marlins,
Bowman,2024,Draft,Base,BD-122,Brandon Neely,Boston Red Sox,
Bowman,2024,Draft,Base,BD-123,Chase Allsup,Baltimore Orioles,
Bowman,2024,Draft,Base,BD-124,Bralyn Brazoban,Pittsburgh Pirates,
Bowman,2024,Draft,Base,BD-125,Dylan Crews,Washington Nationals,
Bowman,2024,Draft,Base,BD-126,Paulino Santana,Texas Rangers,
Bowman,2024,Draft,Base,BD-127,Carter Mathison,Philadelphia Phillies,
Bowman,2024,Draft,Base,BD-128,Samuel Basallo,Baltimore Orioles,
Bowman,2024,Draft,Base,BD-129,Nick Montgomery,Atlanta Braves,
Bowman,2024,Draft,Base,BD-130,Grant Shepardson,Miami Marlins,
Bowman,2024,Draft,Base,BD-131,Aidan Smith,Tampa Bay Rays,
Bowman,2024,Draft,Base,BD-132,Charlie Beilenson,Seattle Mariners,
Bowman,2024,Draft,Base,BD-133,Agustin Ramirez,Miami Marlins,
Bowman,2024,Draft,Base,BD-134,Deyvison De Los Santos,Miami Marlins,
Bowman,2024,Draft,Base,BD-135,Enrique Bradfield Jr.,Baltimore Orioles,
Bowman,2024,Draft,Base,BD-136,Adriel Radney,Arizona Diamondbacks,
Bowman,2024,Draft,Base,BD-137,Brian Holiday,St. Louis Cardinals,
Bowman,2024,Draft,Base,BD-138,Trey Snyder,New York Mets,
Bowman,2024,Draft,Base,BD-139,Zyhir Hope,Los Angeles Dodgers,
Bowman,2024,Draft,Base,BD-140,Ethan Salas,San Diego Padres,
Bowman,2024,Draft,Base,BD-141,Myles Naylor,Oakland Athletics,
Bowman,2024,Draft,Base,BD-142,Echedry Vargas,Texas Rangers,
Bowman,2024,Draft,Base,BD-143,Rafe Schlesinger,Cleveland Guardians,
Bowman,2024,Draft,Base,BD-144,Hunter Cranton,Seattle Mariners,
Bowman,2024,Draft,Base,BD-145,Herick Hernandez,Atlanta Braves,
Bowman,2024,Draft,Base,BD-146,Zach Ehrhard,Boston Red Sox,
Bowman,2024,Draft,Base,BD-147,Sheng-En Lin,Cincinnati Reds,
Bowman,2024,Draft,Base,BD-148,Fernando Cruz,Chicago Cubs,
Bowman,2024,Draft,Base,BD-149,Vladimir Asencio,Boston Red Sox,
Bowman,2024,Draft,Base,BD-150,Juan Baez,Milwaukee Brewers,
Bowman,2024,Draft,Base,BD-151,Clark Candiotti,San Diego Padres,
Bowman,2024,Draft,Base,BD-152,Walker Martin,San Francisco Giants,
Bowman,2024,Draft,Base,BD-153,Nate Knowles,Tampa Bay Rays,
Bowman,2024,Draft,Base,BD-154,Jeral Perez,Chicago White Sox,
Bowman,2024,Draft,Base,BD-155,Josh Caron,Seattle Mariners,
Bowman,2024,Draft,Base,BD-156,Ryan Campos,St. Louis Cardinals,
Bowman,2024,Draft,Base,BD-157,Tytus Cissell,Arizona Diamondbacks,
Bowman,2024,Draft,Base,BD-158,Sam Antonacci,Chicago White Sox,
Bowman,2024,Draft,Base,BD-159,A.J. Causey,Kansas City Royals,
Bowman,2024,Draft,Base,BD-160,Aaron Parker,Toronto Blue Jays,
Bowman,2024,Draft,Base,BD-161,Jared Serna,Miami Marlins,
Bowman,2024,Draft,Base,BD-162,Kyle Teel,Boston Red Sox,
Bowman,2024,Draft,Base,BD-163,Eli Serrano,New York Mets,
Bowman,2024,Draft,Base,BD-164,Alexander Albertus,Chicago White Sox,
Bowman,2024,Draft,Base,BD-165,Curley Martha,Texas Rangers,
Bowman,2024,Draft,Base,BD-166,Walker Jenkins,Minnesota Twins,
Bowman,2024,Draft,Base,BD-167,Jaime Ferrer,Minnesota Twins,
Bowman,2024,Draft,Base,BD-168,Victor Hurtado,Washington Nationals,
Bowman,2024,Draft,Base,BD-169,Braylin Morel,Texas Rangers,
Bowman,2024,Draft,Base,BD-170,Dawel Joseph,Seattle Mariners,
Bowman,2024,Draft,Base,BD-171,Jeremy Rodriguez,New York Mets,
Bowman,2024,Draft,Base,BD-172,Brock Porter,Texas Rangers,
Bowman,2024,Draft,Base,BD-173,Griffin Herring,New York Yankees,
Bowman,2024,Draft,Base,BD-174,Jackson Kent,Washington Nationals,
Bowman,2024,Draft,Base,BD-175,Yovanny Rodriguez,New York Mets,
Bowman,2024,Draft,Base,BD-176,Camilo Diaz,Houston Astros,
Bowman,2024,Draft,Base,BD-177,Joendry Vargas,Los Angeles Dodgers,
Bowman,2024,Draft,Base,BD-178,Pablo Guerrero,Texas Rangers,
Bowman,2024,Draft,Base,BD-179,Eduardo Herrera,Chicago White Sox,
Bowman,2024,Draft,Base,BD-180,Eddie Rynders,Pittsburgh Pirates,
Bowman,2024,Draft,Base,BD-181,Ethan Bagwell,Atlanta Braves,
Bowman,2024,Draft,Base,BD-182,Brayden Taylor,Tampa Bay Rays,
Bowman,2024,Draft,Base,BD-183,L.P. Langevin,Kansas City Royals,
Bowman,2024,Draft,Base,BD-184,Josiah Romeo,Oakland Athletics,
Bowman,2024,Draft,Base,BD-185,Jackson Wentworth,Toronto Blue Jays,
Bowman,2024,Draft,Base,BD-186,Parker Smith,Houston Astros,
Bowman,2024,Draft,Base,BD-187,Rodney Green,Oakland Athletics,
Bowman,2024,Draft,Base,BD-188,Derniche Valdez,Chicago Cubs,
Bowman,2024,Draft,Base,BD-189,Rayner Arias,San Francisco Giants,
Bowman,2024,Draft,Base,BD-190,Vladi Guerrero,New York Mets,
Bowman,2024,Draft,Base,BD-191,Byron Chourio,Minnesota Twins,
Bowman,2024,Draft,Base,BD-192,Brooks Auger,Los Angeles Dodgers,
Bowman,2024,Draft,Base,BD-193,Jonny Farmelo,Seattle Mariners,
Bowman,2024,Draft,Base,BD-194,Tai Peete,Seattle Mariners,
Bowman,2024,Draft,Base,BD-195,Tanner Jones,Kansas City Royals,
Bowman,2024,Draft,Base,BD-196,Aidan Major,Cleveland Guardians,
Bowman,2024,Draft,Base,BD-197,Tre' Morgan,Tampa Bay Rays,
Bowman,2024,Draft,Base,BD-198,Ryan Harvey,New York Yankees,
Bowman,2024,Draft,Base,BD-199,Randal Diaz,Washington Nationals,
Bowman,2024,Draft,Base,BD-200,Jose Perdomo,Atlanta Braves,
Bowman,2024,Draft,Chrome,BDC-1,Travis Bazzana,Cleveland Guardians,
Bowman,2024,Draft,Chrome,BDC-2,Hagen Smith,Chicago White Sox,
Bowman,2024,Draft,Chrome,BDC-3,Josh Hartle,Pittsburgh Pirates,
Bowman,2024,Draft,Chrome,BDC-4,Thayron Liranzo,Detroit Tigers,
Bowman,2024,Draft,Chrome,BDC-5,Luis Guanipa,Atlanta Braves,
Bowman,2024,Draft,Chrome,BDC-6,Jaron DeBerry,Milwaukee Brewers,
Bowman,2024,Draft,Chrome,BDC-7,Ethan Schiefelbein,Detroit Tigers,
Bowman,2024,Draft,Chrome,BDC-8,Jac Caglianone,Kansas City Royals,
Bowman,2024,Draft,Chrome,BDC-9,Cole Messina,Colorado Rockies,
Bowman,2024,Draft,Chrome,BDC-10,Gage Ziehl,New York Yankees,
Bowman,2024,Draft,Chrome,BDC-11,Jared Thomas,Colorado Rockies,
Bowman,2024,Draft,Chrome,BDC-12,Carter Johnson,Miami Marlins,
Bowman,2024,Draft,Chrome,BDC-13,Christian Moore,Los Angeles Angels,
Bowman,2024,Draft,Chrome,BDC-14,Nick McLain,Chicago White Sox,
Bowman,2024,Draft,Chrome,BDC-15,Colt Emerson,Seattle Mariners,
Bowman,2024,Draft,Chrome,BDC-16,Dante Nori,Philadelphia Phillies,
Bowman,2024,Draft,Chrome,BDC-17,Woody Hadeen,Detroit Tigers,
Bowman,2024,Draft,Chrome,BDC-18,Ryan Waldschmidt,Arizona Diamondbacks,
Bowman,2024,Draft,Chrome,BDC-19,Roman Anthony,Boston Red Sox,
Bowman,2024,Draft,Chrome,BDC-20,Cam Caminiti,Atlanta Braves,
Bowman,2024,Draft,Chrome,BDC-21,Griff O'Ferrall,Baltimore Orioles,
Bowman,2024,Draft,Chrome,BDC-22,Konnor Griffin,Pittsburgh Pirates,
Bowman,2024,Draft,Chrome,BDC-23,Rhett Lowder,Cincinnati Reds,
Bowman,2024,Draft,Chrome,BDC-24,Kellon Lindsey,Los Angeles Dodgers,
Bowman,2024,Draft,Chrome,BDC-25,Harry Ford,Seattle Mariners,
Bowman,2024,Draft,Chrome,BDC-26,Matt Shaw,Chicago Cubs,
Bowman,2024,Draft,Chrome,BDC-27,Blake Wright,Colorado Rockies,
Bowman,2024,Draft,Chrome,BDC-28,Carson Benge,New York Mets,
Bowman,2024,Draft,Chrome,BDC-29,Ivan Luciano,Arizona Diamondbacks,
Bowman,2024,Draft,Chrome,BDC-30,Jacob Cozart,Cleveland Guardians,
Bowman,2024,Draft,Chrome,BDC-31,Caleb Bonemer,Chicago White Sox,
Bowman,2024,Draft,Chrome,BDC-32,Mike Sirota,Cincinnati Reds,
Bowman,2024,Draft,Chrome,BDC-33,Casey Saucke,Chicago White Sox,
Bowman,2024,Draft,Chrome,BDC-34,Boston Bateman,San Diego Padres,
Bowman,2024,Draft,Chrome,BDC-35,JD Dix,Arizona Diamondbacks,
Bowman,2024,Draft,Chrome,BDC-36,Johnny King,Toronto Blue Jays,
Bowman,2024,Draft,Chrome,BDC-37,Braylon Doughty,Cleveland Guardians,
Bowman,2024,Draft,Chrome,BDC-38,Noble Meyer,Miami Marlins,
Bowman,2024,Draft,Chrome,BDC-39,Brody Brecht,Colorado Rockies,
Bowman,2024,Draft,Chrome,BDC-40,James Tibbs III,San Francisco Giants,
Bowman,2024,Draft,Chrome,BDC-41,Ryan Johnson,Los Angeles Angels,
Bowman,2024,Draft,Chrome,BDC-42,Dylan Dreiling,Texas Rangers,
Bowman,2024,Draft,Chrome,BDC-43,Tink Hence,St. Louis Cardinals,
Bowman,2024,Draft,Chrome,BDC-44,Tyson Lewis,Cincinnati Reds,
Bowman,2024,Draft,Chrome,BDC-45,Ty Southisene,Chicago Cubs,
Bowman,2024,Draft,Chrome,BDC-46,Dalton Rushing,Los Angeles Dodgers,
Bowman,2024,Draft,Chrome,BDC-47,Josue De Paula,Los Angeles Dodgers,
Bowman,2024,Draft,Chrome,BDC-48,Bryce Eldridge,San Francisco Giants,
Bowman,2024,Draft,Chrome,BDC-49,John Spikerman,Philadelphia Phillies,
Bowman,2024,Draft,Chrome,BDC-50,Connor Foley,Arizona Diamondbacks,
Bowman,2024,Draft,Chrome,BDC-51,Tyson Neighbors,San Diego Padres,
Bowman,2024,Draft,Chrome,BDC-52,Ryan Clifford,New York Mets,
Bowman,2024,Draft,Chrome,BDC-53,Daniel Eagen,Arizona Diamondbacks,
Bowman,2024,Draft,Chrome,BDC-54,Josh Kuroda-Grauer,Oakland Athletics,
Bowman,2024,Draft,Chrome,BDC-55,Chase Burns,Cincinnati Reds,
Bowman,2024,Draft,Chrome,BDC-56,Nick Kurtz,Oakland Athletics,
Bowman,2024,Draft,Chrome,BDC-57,Kavares Tears,San Diego Padres,
Bowman,2024,Draft,Chrome,BDC-58,Braden Montgomery,Boston Red Sox,
Bowman,2024,Draft,Chrome,BDC-59,Khal Stephen,Toronto Blue Jays,
Bowman,2024,Draft,Chrome,BDC-60,Griffin Burkholder,Philadelphia Phillies,
Bowman,2024,Draft,Chrome,BDC-61,Zac Veen,Colorado Rockies,
Bowman,2024,Draft,Chrome,BDC-62,Seaver King,Washington Nationals,
Bowman,2024,Draft,Chrome,BDC-63,Payton Tolle,Boston Red Sox,
Bowman,2024,Draft,Chrome,BDC-64,Gage Miller,Miami Marlins,
Bowman,2024,Draft,Chrome,BDC-65,Jonathan Santucci,New York Mets,
Bowman,2024,Draft,Chrome,BDC-66,Casey Cook,Texas Rangers,
Bowman,2024,Draft,Chrome,BDC-67,Cam Smith,Chicago Cubs,
Bowman,2024,Draft,Chrome,BDC-68,Billy Amick,Minnesota Twins,
Bowman,2024,Draft,Chrome,BDC-69,Caden Dana,Los Angeles Angels,
Bowman,2024,Draft,Chrome,BDC-70,Kash Mayfield,San Diego Padres,
Bowman,2024,Draft,Chrome,BDC-71,Dakota Jordan,San Francisco Giants,
Bowman,2024,Draft,Chrome,BDC-72,Braylon Payne,Milwaukee Brewers,
Bowman,2024,Draft,Chrome,BDC-73,Theo Gillen,Tampa Bay Rays,
Bowman,2024,Draft,Chrome,BDC-74,Carter Holton,Atlanta Braves,
Bowman,2024,Draft,Chrome,BDC-75,Drew Beam,Kansas City Royals,
Bowman,2024,Draft,Chrome,BDC-76,Felnin Celesten,Seattle Mariners,
Bowman,2024,Draft,Chrome,BDC-77,Chris Cortez,Los Angeles Angels,
Bowman,2024,Draft,Chrome,BDC-78,Mick Abel,Philadelphia Phillies,
Bowman,2024,Draft,Chrome,BDC-79,Ethan Anderson,Baltimore Orioles,
Bowman,2024,Draft,Chrome,BDC-80,Michael Massey,Detroit Tigers,
Bowman,2024,Draft,Chrome,BDC-81,Cole Mathis,Chicago Cubs,
Bowman,2024,Draft,Chrome,BDC-82,Luke Keaschall,Minnesota Twins,
Bowman,2024,Draft,Chrome,BDC-83,Levi Sterling,Pittsburgh Pirates,
Bowman,2024,Draft,Chrome,BDC-84,Cooper Pratt,Milwaukee Brewers,
Bowman,2024,Draft,Chrome,BDC-85,Blake Larson,Chicago White Sox,
Bowman,2024,Draft,Chrome,BDC-86,Bryce Rainer,Detroit Tigers,
Bowman,2024,Draft,Chrome,BDC-87,Ben Hess,New York Yankees,
Bowman,2024,Draft,Chrome,BDC-88,Nathan Flewelling,Tampa Bay Rays,
Bowman,2024,Draft,Chrome,BDC-89,Carson DeMartini,Philadelphia Phillies,
Bowman,2024,Draft,Chrome,BDC-90,Brandon Sproat,New York Mets,
Bowman,2024,Draft,Chrome,BDC-91,Aiden May,Miami Marlins,
Bowman,2024,Draft,Chrome,BDC-92,Trey Yesavage,Toronto Blue Jays,
Bowman,2024,Draft,Chrome,BDC-93,Joswa Lugo,Los Angeles Angels,
Bowman,2024,Draft,Chrome,BDC-94,Bryce Meccage,Milwaukee Brewers,
Bowman,2024,Draft,Chrome,BDC-95,Blake Burke,Milwaukee Brewers,
Bowman,2024,Draft,Chrome,BDC-96,Chase Harlan,Los Angeles Dodgers,
Bowman,2024,Draft,Chrome,BDC-97,Bryce Cunningham,New York Yankees,
Bowman,2024,Draft,Chrome,BDC-98,Kaelen Culpepper,Minnesota Twins,
Bowman,2024,Draft,Chrome,BDC-99,Ryan Sloan,Seattle Mariners,
Bowman,2024,Draft,Chrome,BDC-100,Luke Holman,Cincinnati Reds,
Bowman,2024,Draft,Chrome,BDC-101,Nate Dohm,New York Mets,
Bowman,2024,Draft,Chrome,BDC-102,Arjun Nimmala,Toronto Blue Jays,
Bowman,2024,Draft,Chrome,BDC-103,Chandler Welch,Milwaukee Brewers,
Bowman,2024,Draft,Chrome,BDC-104,Max Clark,Detroit Tigers,
Bowman,2024,Draft,Chrome,BDC-105,Daiber De Los Santos,Minnesota Twins,
Bowman,2024,Draft,Chrome,BDC-106,Yoeilin Cespedes,Boston Red Sox,
Bowman,2024,Draft,Chrome,BDC-107,Francisco Vilorio,New York Yankees,
Bowman,2024,Draft,Chrome,BDC-108,Kodey Shojinaga,Philadelphia Phillies,
Bowman,2024,Draft,Chrome,BDC-109,Ariel Armas,Chicago Cubs,
Bowman,2024,Draft,Chrome,BDC-110,Luis Baez,Houston Astros,
Bowman,2024,Draft,Chrome,BDC-111,Tommy Troy,Arizona Diamondbacks,
Bowman,2024,Draft,Chrome,BDC-112,Sebastian Walcott,Texas Rangers,
Bowman,2024,Draft,Chrome,BDC-113,Emil Morales,Los Angeles Dodgers,
Bowman,2024,Draft,Chrome,BDC-114,Nick Mitchell,Toronto Blue Jays,
Bowman,2024,Draft,Chrome,BDC-115,Aidan Miller,Philadelphia Phillies,
Bowman,2024,Draft,Chrome,BDC-116,Leo De Vries,San Diego Padres,
Bowman,2024,Draft,Chrome,BDC-117,Brock Wilken,Milwaukee Brewers,
Bowman,2024,Draft,Chrome,BDC-118,George Lombard Jr.,New York Yankees,
Bowman,2024,Draft,Chrome,BDC-119,Adolfo Sanchez,Cincinnati Reds,
Bowman,2024,Draft,Chrome,BDC-120,Yohandy Morales,Washington Nationals,
Bowman,2024,Draft,Chrome,BDC-121,Fenwick Trimble,Miami Marlins,
Bowman,2024,Draft,Chrome,BDC-122,Brandon Neely,Boston Red Sox,
Bowman,2024,Draft,Chrome,BDC-123,Chase Allsup,Baltimore Orioles,
Bowman,2024,Draft,Chrome,BDC-124,Bralyn Brazoban,Pittsburgh Pirates,
Bowman,2024,Draft,Chrome,BDC-125,Dylan Crews,Washington Nationals,
Bowman,2024,Draft,Chrome,BDC-126,Paulino Santana,Texas Rangers,
Bowman,2024,Draft,Chrome,BDC-127,Carter Mathison,Philadelphia Phillies,
Bowman,2024,Draft,Chrome,BDC-128,Samuel Basallo,Baltimore Orioles,
Bowman,2024,Draft,Chrome,BDC-129,Nick Montgomery,Atlanta Braves,
Bowman,2024,Draft,Chrome,BDC-130,Grant Shepardson,Miami Marlins,
Bowman,2024,Draft,Chrome,BDC-131,Aidan Smith,Tampa Bay Rays,
Bowman,2024,Draft,Chrome,BDC-132,Charlie Beilenson,Seattle Mariners,
Bowman,2024,Draft,Chrome,BDC-133,Agustin Ramirez,Miami Marlins,
Bowman,2024,Draft,Chrome,BDC-134,Deyvison De Los Santos,Miami Marlins,
Bowman,2024,Draft,Chrome,BDC-135,Enrique Bradfield Jr.,Baltimore Orioles,
Bowman,2024,Draft,Chrome,BDC-136,Adriel Radney,Arizona Diamondbacks,
Bowman,2024,Draft,Chrome,BDC-137,Brian Holiday,St. Louis Cardinals,
Bowman,2024,Draft,Chrome,BDC-138,Trey Snyder,New York Mets,
Bowman,2024,Draft,Chrome,BDC-139,Zyhir Hope,Los Angeles Dodgers,
Bowman,2024,Draft,Chrome,BDC-140,Ethan Salas,San Diego Padres,
Bowman,2024,Draft,Chrome,BDC-141,Myles Naylor,Oakland Athletics,
Bowman,2024,Draft,Chrome,BDC-142,Echedry Vargas,Texas Rangers,
Bowman,2024,Draft,Chrome,BDC-143,Rafe Schlesinger,Cleveland Guardians,
Bowman,2024,Draft,Chrome,BDC-144,Hunter Cranton,Seattle Mariners,
Bowman,2024,Draft,Chrome,BDC-145,Herick Hernandez,Atlanta Braves,
Bowman,2024,Draft,Chrome,BDC-146,Zach Ehrhard,Boston Red Sox,
Bowman,2024,Draft,Chrome,BDC-147,Sheng-En Lin,Cincinnati Reds,
Bowman,2024,Draft,Chrome,BDC-148,Fernando Cruz,Chicago Cubs,
Bowman,2024,Draft,Chrome,BDC-149,Vladimir Asencio,Boston Red Sox,
Bowman,2024,Draft,Chrome,BDC-150,Juan Baez,Milwaukee Brewers,
Bowman,2024,Draft,Chrome,BDC-151,Clark Candiotti,San Diego Padres,
Bowman,2024,Draft,Chrome,BDC-152,Walker Martin,San Francisco Giants,
Bowman,2024,Draft,Chrome,BDC-153,Nate Knowles,Tampa Bay Rays,
Bowman,2024,Draft,Chrome,BDC-154,Jeral Perez,Chicago White Sox,
Bowman,2024,Draft,Chrome,BDC-155,Josh Caron,Seattle Mariners,
Bowman,2024,Draft,Chrome,BDC-156,Ryan Campos,St. Louis Cardinals,
Bowman,2024,Draft,Chrome,BDC-157,Tytus Cissell,Arizona Diamondbacks,
Bowman,2024,Draft,Chrome,BDC-158,Sam Antonacci,Chicago White Sox,
Bowman,2024,Draft,Chrome,BDC-159,A.J. Causey,Kansas City Royals,
Bowman,2024,Draft,Chrome,BDC-160,Aaron Parker,Toronto Blue Jays,
Bowman,2024,Draft,Chrome,BDC-161,Jared Serna,Miami Marlins,
Bowman,2024,Draft,Chrome,BDC-162,Kyle Teel,Boston Red Sox,
Bowman,2024,Draft,Chrome,BDC-163,Eli Serrano,New York Mets,
Bowman,2024,Draft,Chrome,BDC-164,Alexander Albertus,Chicago White Sox,
Bowman,2024,Draft,Chrome,BDC-165,Curley Martha,Texas Rangers,
Bowman,2024,Draft,Chrome,BDC-166,Walker Jenkins,Minnesota Twins,
Bowman,2024,Draft,Chrome,BDC-167,Jaime Ferrer,Minnesota Twins,
Bowman,2024,Draft,Chrome,BDC-168,Victor Hurtado,Washington Nationals,
Bowman,2024,Draft,Chrome,BDC-169,Braylin Morel,Texas Rangers,
Bowman,2024,Draft,Chrome,BDC-170,Dawel Joseph,Seattle Mariners,
Bowman,2024,Draft,Chrome,BDC-171,Jeremy Rodriguez,New York Mets,
Bowman,2024,Draft,Chrome,BDC-172,Brock Porter,Texas Rangers,
Bowman,2024,Draft,Chrome,BDC-173,Griffin Herring,New York Yankees,
Bowman,2024,Draft,Chrome,BDC-174,Jackson Kent,Washington Nationals,
Bowman,2024,Draft,Chrome,BDC-175,Yovanny Rodriguez,New York Mets,
Bowman,2024,Draft,Chrome,BDC-176,Camilo Diaz,Houston Astros,
Bowman,2024,Draft,Chrome,BDC-177,Joendry Vargas,Los Angeles Dodgers,
Bowman,2024,Draft,Chrome,BDC-178,Pablo Guerrero,Texas Rangers,
Bowman,2024,Draft,Chrome,BDC-179,Eduardo Herrera,Chicago White Sox,
Bowman,2024,Draft,Chrome,BDC-180,Eddie Rynders,Pittsburgh Pirates,
Bowman,2024,Draft,Chrome,BDC-181,Ethan Bagwell,Atlanta Braves,
Bowman,2024,Draft,Chrome,BDC-182,Brayden Taylor,Tampa Bay Rays,
Bowman,2024,Draft,Chrome,BDC-183,L.P. Langevin,Kansas City Royals,
Bowman,2024,Draft,Chrome,BDC-184,Josiah Romeo,Oakland Athletics,
Bowman,2024,Draft,Chrome,BDC-185,Jackson Wentworth,Toronto Blue Jays,
Bowman,2024,Draft,Chrome,BDC-186,Parker Smith,Houston Astros,
Bowman,2024,Draft,Chrome,BDC-187,Rodney Green,Oakland Athletics,
Bowman,2024,Draft,Chrome,BDC-188,Derniche Valdez,Chicago Cubs,
Bowman,2024,Draft,Chrome,BDC-189,Rayner Arias,San Francisco Giants,
Bowman,2024,Draft,Chrome,BDC-190,Vladi Guerrero,New York Mets,
Bowman,2024,Draft,Chrome,BDC-191,Byron Chourio,Minnesota Twins,
Bowman,2024,Draft,Chrome,BDC-192,Brooks Auger,Los Angeles Dodgers,
Bowman,2024,Draft,Chrome,BDC-193,Jonny Farmelo,Seattle Mariners,
Bowman,2024,Draft,Chrome,BDC-194,Tai Peete,Seattle Mariners,
Bowman,2024,Draft,Chrome,BDC-195,Tanner Jones,Kansas City Royals,
Bowman,2024,Draft,Chrome,BDC-196,Aidan Major,Cleveland Guardians,
Bowman,2024,Draft,Chrome,BDC-197,Tre' Morgan,Tampa Bay Rays,
Bowman,2024,Draft,Chrome,BDC-198,Ryan Harvey,New York Yankees,
Bowman,2024,Draft,Chrome,BDC-199,Randal Diaz,Washington Nationals,
Bowman,2024,Draft,Chrome,BDC-200,Jose Perdomo,Atlanta Braves,
Bowman,2024,Draft,Draft Night,BDN-1,Travis Bazzana,Cleveland Guardians,
Bowman,2024,Draft,Draft Night,BDN-2,Konnor Griffin,Pittsburgh Pirates,
Bowman,2024,Draft,Draft Night,BDN-3,Nick Kurtz,Oakland Athletics,
Bowman,2024,Draft,Draft Night,BDN-4,Hagen Smith,Chicago White Sox,
Bowman,2024,Draft,Draft Night,BDN-5,Jac Caglianone,Kansas City Royals,
Bowman,2024,Draft,Draft Night,BDN-6,Christian Moore,Los Angeles Angels,
Bowman,2024,Draft,Draft Night,BDN-7,Braden Montgomery,Boston Red Sox,
Bowman,2024,Draft,Draft Night,BDN-8,Chase Burns,Cincinnati Reds,
Bowman,2024,Draft,Draft Night,BDN-9,Kaelen Culpepper,Minnesota Twins,
Bowman,2024,Draft,Draft Night,BDN-10,Cam Caminiti,Atlanta Braves,
Bowman,2024,Draft,Draft Night Autographs,BDNA-HS,Hagen Smith,Chicago White Sox,
Bowman,2024,Draft,Draft Night Autographs,BDNA-JC,Jac Caglianone,Kansas City Royals,
Bowman,2024,Draft,Draft Night Autographs,BDNA-NK,Nick Kurtz,Oakland Athletics,
Bowman,2024,Draft,Draft Night Autographs,BDNA-TB,Travis Bazzana,Cleveland Guardians,
Bowman,2024,Draft,In Action,BIA-1,Travis Bazzana,Cleveland Guardians,
Bowman,2024,Draft,In Action,BIA-2,Chase Burns,Cincinnati Reds,
Bowman,2024,Draft,In Action,BIA-3,Nick Kurtz,Oakland Athletics,
Bowman,2024,Draft,In Action,BIA-4,Hagen Smith,Chicago White Sox,
Bowman,2024,Draft,In Action,BIA-5,Jac Caglianone,Kansas City Royals,
Bowman,2024,Draft,In Action,BIA-6,Christian Moore,Los Angeles Angels,
Bowman,2024,Draft,In Action,BIA-7,Konnor Griffin,Pittsburgh Pirates,
Bowman,2024,Draft,In Action,BIA-8,Seaver King,Washington Nationals,
Bowman,2024,Draft,In Action,BIA-9,Bryce Rainer,Detroit Tigers,
Bowman,2024,Draft,In Action,BIA-10,Braden Montgomery,Boston Red Sox,
Bowman,2024,Draft,In Action,BIA-11,James Tibbs III,San Francisco Giants,
Bowman,2024,Draft,In Action,BIA-12,Cam Smith,Chicago Cubs,
Bowman,2024,Draft,In Action,BIA-13,Kristian Campbell,Boston Red Sox,
Bowman,2024,Draft,In Action,BIA-14,Kaelen Culpepper,Minnesota Twins,
Bowman,2024,Draft,In Action,BIA-15,Kellon Lindsey,Los Angeles Dodgers,
Bowman,2024,Draft,In Action,BIA-16,Cam Caminiti,Atlanta Braves,
Bowman,2024,Draft,In Action,BIA-17,Dylan Crews,Washington Nationals,
Bowman,2024,Draft,In Action,BIA-18,Walker Jenkins,Minnesota Twins,
Bowman,2024,Draft,In Action,BIA-19,Max Clark,Detroit Tigers,
Bowman,2024,Draft,In Action,BIA-20,Arjun Nimmala,Toronto Blue Jays,
Bowman,2024,Draft,In Action,BIA-21,Ethan Salas,San Diego Padres,
Bowman,2024,Draft,In Action,BIA-22,Felnin Celesten,Seattle Mariners,
Bowman,2024,Draft,In Action,BIA-23,Sebastian Walcott,Texas Rangers,
Bowman,2024,Draft,In Action,BIA-24,Leo De Vries,San Diego Padres,
Bowman,2024,Draft,In Action,BIA-25,Joendry Vargas,Los Angeles Dodgers,
Bowman,2024,Draft,In Action Autographs,BIA-CB,Chase Burns,Cincinnati Reds,
Bowman,2024,Draft,In Action Autographs,BIA-CC,Cam Caminiti,Atlanta Braves,
Bowman,2024,Draft,In Action Autographs,BIA-CM,Christian Moore,Los Angeles Angels,
Bowman,2024,Draft,In Action Autographs,BIA-CS,Cam Smith,Chicago Cubs,
Bowman,2024,Draft,In Action Autographs,BIA-DC,Dylan Crews,Washington Nationals,
Bowman,2024,Draft,In Action Autographs,BIA-FC,Felnin Celesten,Seattle Mariners,
Bowman,2024,Draft,In Action Autographs,BIA-HS,Hagen Smith,Chicago White Sox,
Bowman,2024,Draft,In Action Autographs,BIA-JC,Jac Caglianone,Kansas City Royals,
Bowman,2024,Draft,In Action Autographs,BIA-JT,James Tibbs III,San Francisco Giants,
Bowman,2024,Draft,In Action Autographs,BIA-JV,Joendry Vargas,Los Angeles Dodgers,
Bowman,2024,Draft,In Action Autographs,BIA-KG,Konnor Griffin,Pittsburgh Pirates,
Bowman,2024,Draft,In Action Autographs,BIA-LD,Leo De Vries,San Diego Padres,
Bowman,2024,Draft,In Action Autographs,BIA-NK,Nick Kurtz,Oakland Athletics,
Bowman,2024,Draft,In Action Autographs,BIA-TB,Travis Bazzana,Cleveland Guardians,
Bowman,2024,Draft,In Action Autographs,BIA-WJ,Walker Jenkins,Minnesota Twins,
Bowman,2024,Draft,Spotlights,BS-1,Travis Bazzana,Cleveland Guardians,
Bowman,2024,Draft,Spotlights,BS-2,Chase Burns,Cincinnati Reds,
Bowman,2024,Draft,Spotlights,BS-3,Nick Kurtz,Oakland Athletics,
Bowman,2024,Draft,Spotlights,BS-4,Hagen Smith,Chicago White Sox,
Bowman,2024,Draft,Spotlights,BS-5,Jac Caglianone,Kansas City Royals,
Bowman,2024,Draft,Spotlights,BS-6,Christian Moore,Los Angeles Angels,
Bowman,2024,Draft,Spotlights,BS-7,Seaver King,Washington Nationals,
Bowman,2024,Draft,Spotlights,BS-8,Braden Montgomery,Boston Red Sox,
Bowman,2024,Draft,Spotlights,BS-9,Carson Benge,New York Mets,
Bowman,2024,Draft,Spotlights,BS-10,Ryan Waldschmidt,Arizona Diamondbacks,
Bowman,2024,Draft,Spotlights,BS-11,Roman Anthony,Boston Red Sox,
Bowman,2024,Draft,Spotlights,BS-12,Bryce Eldridge,San Francisco Giants,
Bowman,2024,Draft,Spotlights,BS-13,Aidan Miller,Philadelphia Phillies,
Bowman,2024,Draft,Spotlights,BS-14,Colt Emerson,Seattle Mariners,
Bowman,2024,Draft,Spotlights,BS-15,Emil Morales,Los Angeles Dodgers,
Bowman,2024,Draft,Chrome College Variations,BDC-1,Travis Bazzana,Cleveland Guardians,Oregon State
Bowman,2024,Draft,Chrome College Variations,BDC-2,Hagen Smith,Chicago White Sox,Arkansas
Bowman,2024,Draft,Chrome College Variations,BDC-8,Jac Caglianone,Kansas City Royals,Florida
Bowman,2024,Draft,Chrome College Variations,BDC-13,Christian Moore,Los Angeles Angels,Tennessee
Bowman,2024,Draft,Chrome College Variations,BDC-18,Ryan Waldschmidt,Arizona Diamondbacks,Kentucky
Bowman,2024,Draft,Chrome College Variations,BDC-28,Carson Benge,New York Mets,Oklahoma State
Bowman,2024,Draft,Chrome College Variations,BDC-40,James Tibbs III,San Francisco Giants,Florida State
Bowman,2024,Draft,Chrome College Variations,BDC-58,Braden Montgomery,Boston Red Sox,Texas A&M
Bowman,2024,Draft,Chrome College Variations,BDC-67,Cam Smith,Chicago Cubs,Florida State
Bowman,2024,Draft,Chrome College Variations,BDC-95,Blake Burke,Milwaukee Brewers,Tennessee
Bowman,2024,Draft,Chrome Prospect Autographs,CPA-AA,Ariel Armas,Chicago Cubs,
Bowman,2024,Draft,Chrome Prospect Autographs,CPA-AM,Aiden May,Miami Marlins,
Bowman,2024,Draft,Chrome Prospect Autographs,CPA-AP,Aaron Parker,Toronto Blue Jays,
Bowman,2024,Draft,Chrome Prospect Autographs,CPA-BA,Billy Amick,Minnesota Twins,
Bowman,2024,Draft,Chrome Prospect Autographs,CPA-BB,Blake Burke,Milwaukee Brewers,
Bowman,2024,Draft,Chrome Prospect Autographs,CPA-BBA,Boston Bateman,San Diego Padres,
Bowman,2024,Draft,Chrome Prospect Autographs,CPA-BBR,Brody Brecht,Colorado Rockies,
Bowman,2024,Draft,Chrome Prospect Autographs,CPA-BC,Bryce Cunningham,New York Yankees,
Bowman,2024,Draft,Chrome Prospect Autographs,CPA-BD,Braylon Doughty,Cleveland Guardians,
Bowman,2024,Draft,Chrome Prospect Autographs,CPA-BH,Ben Hess,New York Yankees,
Bowman,2024,Draft,Chrome Prospect Autographs,CPA-BHO,Brian Holiday,St. Louis Cardinals,
Bowman,2024,Draft,Chrome Prospect Autographs,CPA-BL,Blake Larson,Chicago White Sox,
Bowman,2024,Draft,Chrome Prospect Autographs,CPA-BM,Braden Montgomery,Boston Red Sox,
Bowman,2024,Draft,Chrome Prospect Autographs,CPA-BME,Bryce Meccage,Milwaukee Brewers,
Bowman,2024,Draft,Chrome Prospect Autographs,CPA-BN,Brandon Neely,Boston Red Sox,
Bowman,2024,Draft,Chrome Prospect Autographs,CPA-BP,Braylon Payne,Milwaukee Brewers,
Bowman,2024,Draft,Chrome Prospect Autographs,CPA-BR,Bryce Rainer,Detroit Tigers,
Bowman,2024,Draft,Chrome Prospect Autographs,CPA-BW,Blake Wright,Colorado Rockies,
Bowman,2024,Draft,Chrome Prospect Autographs,CPA-CB,Chase Burns,Cincinnati Reds,
Bowman,2024,Draft,Chrome Prospect Autographs,CPA-CBG,Carson Benge,New York Mets,
Bowman,2024,Draft,Chrome Prospect Autographs,CPA-CBO,Caleb Bonemer,Chicago White Sox,
Bowman,2024,Draft,Chrome Prospect Autographs,CPA-CC,Cam Caminiti,Atlanta Braves,
Bowman,2024,Draft,Chrome Prospect Autographs,CPA-CCY,Casey Cook,Texas Rangers,
Bowman,2024,Draft,Chrome Prospect Autographs,CPA-CCZ,Chris Cortez,Los Angeles Angels,
Bowman,2024,Draft,Chrome Prospect Autographs,CPA-CD,Carson DeMartini,Philadelphia Phillies,
Bowman,2024,Draft,Chrome Prospect Autographs,CPA-CF,Connor Foley,Arizona Diamondbacks,
Bowman,2024,Draft,Chrome Prospect Autographs,CPA-CH,Carter Holton,Atlanta Braves,
Bowman,2024,Draft,Chrome Prospect Autographs,CPA-CHA,Chase Harlan,Los Angeles Dodgers,
Bowman,2024,Draft,Chrome Prospect Autographs,CPA-CJ,Carter Johnson,Miami Marlins,
Bowman,2024,Draft,Chrome Prospect Autographs,CPA-CM,Christian Moore,Los Angeles Angels,
Bowman,2024,Draft,Chrome Prospect Autographs,CPA-CMA,Carter Mathison,Philadelphia Phillies,
Bowman,2024,Draft,Chrome Prospect Autographs,CPA-CME,Cole Messina,Colorado Rockies,
Bowman,2024,Draft,Chrome Prospect Autographs,CPA-CMS,Cole Mathis,Chicago Cubs,
Bowman,2024,Draft,Chrome Prospect Autographs,CPA-CS,Cam Smith,Chicago Cubs,
Bowman,2024,Draft,Chrome Prospect Autographs,CPA-CSA,Casey Saucke,Chicago White Sox,
Bowman,2024,Draft,Chrome Prospect Autographs,CPA-DB,Drew Beam,Kansas City Royals,
Bowman,2024,Draft,Chrome Prospect Autographs,CPA-DD,Dylan Dreiling,Texas Rangers,
Bowman,2024,Draft,Chrome Prospect Autographs,CPA-DE,Daniel Eagen,Arizona Diamondbacks,
Bowman,2024,Draft,Chrome Prospect Autographs,CPA-DJ,Dakota Jordan,San Francisco Giants,
Bowman,2024,Draft,Chrome Prospect Autographs,CPA-DN,Dante Nori,Philadelphia Phillies,
Bowman,2024,Draft,Chrome Prospect Autographs,CPA-ER,Eddie Rynders,Pittsburgh Pirates,
Bowman,2024,Draft,Chrome Prospect Autographs,CPA-ES,Ethan Schiefelbein,Detroit Tigers,
Bowman,2024,Draft,Chrome Prospect Autographs,CPA-ESE,Eli Serrano,New York Mets,
Bowman,2024,Draft,Chrome Prospect Autographs,CPA-FT,Fenwick Trimble,Miami Marlins,
Bowman,2024,Draft,Chrome Prospect Autographs,CPA-GB,Griffin Burkholder,Philadelphia Phillies,
Bowman,2024,Draft,Chrome Prospect Autographs,CPA-GM,Gage Miller,Miami Marlins,
Bowman,2024,Draft,Chrome Prospect Autographs,CPA-GO,Griff O'Ferrall,Baltimore Orioles,
Bowman,2024,Draft,Chrome Prospect Autographs,CPA-GZ,Gage Ziehl,New York Yankees,
Bowman,2024,Draft,Chrome Prospect Autographs,CPA-HH,Herick Hernandez,Atlanta Braves,
Bowman,2024,Draft,Chrome Prospect Autographs,CPA-HS,Hagen Smith,Chicago White Sox,
Bowman,2024,Draft,Chrome Prospect Autographs,CPA-IL,Ivan Luciano,Arizona Diamondbacks,
Bowman,2024,Draft,Chrome Prospect Autographs,CPA-JC,Jac Caglianone,Kansas City Royals,
Bowman,2024,Draft,Chrome Prospect Autographs,CPA-JCA,Josh Caron,Seattle Mariners,
Bowman,2024,Draft,Chrome Prospect Autographs,CPA-JCO,Jacob Cozart,Cleveland Guardians,
Bowman,2024,Draft,Chrome Prospect Autographs,CPA-JD,JD Dix,Arizona Diamondbacks,
Bowman,2024,Draft,Chrome Prospect Autographs,CPA-JDE,Jaron DeBerry,Milwaukee Brewers,
Bowman,2024,Draft,Chrome Prospect Autographs,CPA-JF,Jaime Ferrer,Minnesota Twins,
Bowman,2024,Draft,Chrome Prospect Autographs,CPA-JK,Josh Kuroda-Grauer,Oakland Athletics,
Bowman,2024,Draft,Chrome Prospect Autographs,CPA-JKI,Johnny King,Toronto Blue Jays,
Bowman,2024,Draft,Chrome Prospect Autographs,CPA-JS,Jonathan Santucci,New York Mets,
Bowman,2024,Draft,Chrome Prospect Autographs,CPA-JSP,John Spikerman,Philadelphia Phillies,
Bowman,2024,Draft,Chrome Prospect Autographs,CPA-JT,James Tibbs III,San Francisco Giants,
Bowman,2024,Draft,Chrome Prospect Autographs,CPA-JTH,Jared Thomas,Colorado Rockies,
Bowman,2024,Draft,Chrome Prospect Autographs,CPA-KC,Kaelen Culpepper,Minnesota Twins,
Bowman,2024,Draft,Chrome Prospect Autographs,CPA-KG,Konnor Griffin,Pittsburgh Pirates,
Bowman,2024,Draft,Chrome Prospect Autographs,CPA-KL,Kellon Lindsey,Los Angeles Dodgers,
Bowman,2024,Draft,Chrome Prospect Autographs,CPA-KM,Kash Mayfield,San Diego Padres,
Bowman,2024,Draft,Chrome Prospect Autographs,CPA-KS,Khal Stephen,Toronto Blue Jays,
Bowman,2024,Draft,Chrome Prospect Autographs,CPA-KSH,Kodey Shojinaga,Philadelphia Phillies,
Bowman,2024,Draft,Chrome Prospect Autographs,CPA-KT,Kavares Tears,San Diego Padres,
Bowman,2024,Draft,Chrome Prospect Autographs,CPA-LH,Luke Holman,Cincinnati Reds,
Bowman,2024,Draft,Chrome Prospect Autographs,CPA-LS,Levi Sterling,Pittsburgh Pirates,
Bowman,2024,Draft,Chrome Prospect Autographs,CPA-MMY,Michael Massey,Detroit Tigers,
Bowman,2024,Draft,Chrome Prospect Autographs,CPA-MS,Mike Sirota,Cincinnati Reds,
Bowman,2024,Draft,Chrome Prospect Autographs,CPA-ND,Nate Dohm,New York Mets,
Bowman,2024,Draft,Chrome Prospect Autographs,CPA-NF,Nathan Flewelling,Tampa Bay Rays,
Bowman,2024,Draft,Chrome Prospect Autographs,CPA-NK,Nick Kurtz,Oakland Athletics,
Bowman,2024,Draft,Chrome Prospect Autographs,CPA-NM,Nick McLain,Chicago White Sox,
Bowman,2024,Draft,Chrome Prospect Autographs,CPA-NMI,Nick Mitchell,Toronto Blue Jays,
Bowman,2024,Draft,Chrome Prospect Autographs,CPA-NMO,Nick Montgomery,Atlanta Braves,
Bowman,2024,Draft,Chrome Prospect Autographs,CPA-PSM,Parker Smith,Houston Astros,
Bowman,2024,Draft,Chrome Prospect Autographs,CPA-PT,Payton Tolle,Boston Red Sox,
Bowman,2024,Draft,Chrome Prospect Autographs,CPA-RCA,Ryan Campos,St. Louis Cardinals,
Bowman,2024,Draft,Chrome Prospect Autographs,CPA-RD,Randal Diaz,Washington Nationals,
Bowman,2024,Draft,Chrome Prospect Autographs,CPA-RG,Rodney Green,Oakland Athletics,
Bowman,2024,Draft,Chrome Prospect Autographs,CPA-RJ,Ryan Johnson,Los Angeles Angels,
Bowman,2024,Draft,Chrome Prospect Autographs,CPA-RS,Ryan Sloan,Seattle Mariners,
Bowman,2024,Draft,Chrome Prospect Autographs,CPA-RSC,Rafe Schlesinger,Cleveland Guardians,
Bowman,2024,Draft,Chrome Prospect Autographs,CPA-RW,Ryan Waldschmidt,Arizona Diamondbacks,
Bowman,2024,Draft,Chrome Prospect Autographs,CPA-SA,Sam Antonacci,Chicago White Sox,
Bowman,2024,Draft,Chrome Prospect Autographs,CPA-SK,Seaver King,Washington Nationals,
Bowman,2024,Draft,Chrome Prospect Autographs,CPA-TB,Travis Bazzana,Cleveland Guardians,
Bowman,2024,Draft,Chrome Prospect Autographs,CPA-TC,Tytus Cissell,Arizona Diamondbacks,
Bowman,2024,Draft,Chrome Prospect Autographs,CPA-TG,Theo Gillen,Tampa Bay Rays,
Bowman,2024,Draft,Chrome Prospect Autographs,CPA-TL,Tyson Lewis,Cincinnati Reds,
Bowman,2024,Draft,Chrome Prospect Autographs,CPA-TN,Tyson Neighbors,San Diego Padres,
Bowman,2024,Draft,Chrome Prospect Autographs,CPA-TS,Ty Southisene,Chicago Cubs,
Bowman,2024,Draft,Chrome Prospect Autographs,CPA-TSN,Trey Snyder,New York Mets,
Bowman,2024,Draft,Chrome Prospect Autographs,CPA-TY,Trey Yesavage,Toronto Blue Jays,
Bowman,2024,Draft,Class of 2024 Autographs,C24-BP,Braylon Payne,Milwaukee Brewers,
Bowman,2024,Draft,Class of 2024 Autographs,C24-CBO,Caleb Bonemer,Chicago White Sox,
Bowman,2024,Draft,Class of 2024 Autographs,C24-CJ,Carter Johnson,Miami Marlins,
Bowman,2024,Draft,Class of 2024 Autographs,C24-CM,Christian Moore,Los Angeles Angels,
Bowman,2024,Draft,Class of 2024 Autographs,C24-CMA,Cole Mathis,Chicago Cubs,
Bowman,2024,Draft,Class of 2024 Autographs,C24-CS,Cam Smith,Chicago Cubs,
Bowman,2024,Draft,Class of 2024 Autographs,C24-DD,Dylan Dreiling,Texas Rangers,
Bowman,2024,Draft,Class of 2024 Autographs,C24-DN,Dante Nori,Philadelphia Phillies,
Bowman,2024,Draft,Class of 2024 Autographs,C24-GB,Griffin Burkholder,Philadelphia Phillies,
Bowman,2024,Draft,Class of 2024 Autographs,C24-GM,Gage Miller,Miami Marlins,
Bowman,2024,Draft,Class of 2024 Autographs,C24-GO,Griff O'Ferrall,Baltimore Orioles,
Bowman,2024,Draft,Class of 2024 Autographs,C24-JC,Jac Caglianone,Kansas City Royals,
Bowman,2024,Draft,Class of 2024 Autographs,C24-JCO,Jacob Cozart,Cleveland Guardians,
Bowman,2024,Draft,Class of 2024 Autographs,C24-JD,JD Dix,Arizona Diamondbacks,
Bowman,2024,Draft,Class of 2024 Autographs,C24-JK,Josh Kuroda-Grauer,Oakland Athletics,
Bowman,2024,Draft,Class of 2024 Autographs,C24-JT,James Tibbs III,San Francisco Giants,
Bowman,2024,Draft,Class of 2024 Autographs,C24-JTH,Jared Thomas,Colorado Rockies,
Bowman,2024,Draft,Class of 2024 Autographs,C24-KC,Kaelen Culpepper,Minnesota Twins,
Bowman,2024,Draft,Class of 2024 Autographs,C24-KG,Konnor Griffin,Pittsburgh Pirates,
Bowman,2024,Draft,Class of 2024 Autographs,C24-KL,Kellon Lindsey,Los Angeles Dodgers,
Bowman,2024,Draft,Class of 2024 Autographs,C24-NK,Nick Kurtz,Oakland Athletics,
Bowman,2024,Draft,Class of 2024 Autographs,C24-RW,Ryan Waldschmidt,Arizona Diamondbacks,
Bowman,2024,Draft,Class of 2024 Autographs,C24-SK,Seaver King,Washington Nationals,
Bowman,2024,Draft,Class of 2024 Autographs,C24-TB,Travis Bazzana,Cleveland Guardians,
Bowman,2024,Draft,Class of 2024 Autographs,C24-TL,Tyson Lewis,Cincinnati Reds,
Bowman,2024,Draft,Draft Prospect Portrait Autographs,DPPA-BM,Braden Montgomery,Boston Red Sox,
Bowman,2024,Draft,Draft Prospect Portrait Autographs,DPPA-BR,Bryce Rainer,Detroit Tigers,
Bowman,2024,Draft,Draft Prospect Portrait Autographs,DPPA-CB,Chase Burns,Cincinnati Reds,
Bowman,2024,Draft,Draft Prospect Portrait Autographs,DPPA-CC,Cam Caminiti,Atlanta Braves,
Bowman,2024,Draft,Draft Prospect Portrait Autographs,DPPA-CM,Christian Moore,Los Angeles Angels,
Bowman,2024,Draft,Draft Prospect Portrait Autographs,DPPA-CS,Cam Smith,Chicago Cubs,
Bowman,2024,Draft,Draft Prospect Portrait Autographs,DPPA-HS,Hagen Smith,Chicago White Sox,
Bowman,2024,Draft,Draft Prospect Portrait Autographs,DPPA-JC,Jac Caglianone,Kansas City Royals,
Bowman,2024,Draft,Draft Prospect Portrait Autographs,DPPA-JT,James Tibbs III,San Francisco Giants,
Bowman,2024,Draft,Draft Prospect Portrait Autographs,DPPA-NK,Nick Kurtz,Oakland Athletics,
Bowman,2024,Draft,Draft Prospect Portrait Autographs,DPPA-SK,Seaver King,Washington Nationals,
Bowman,2024,Draft,Draft Prospect Portrait Autographs,DPPA-TB,Travis Bazzana,Cleveland Guardians,
Bowman,2024,Draft,Etched in Glass Variations,BDC-1,Travis Bazzana,Cleveland Guardians,
Bowman,2024,Draft,Etched in Glass Variations,BDC-2,Hagen Smith,Chicago White Sox,
Bowman,2024,Draft,Etched in Glass Variations,BDC-8,Jac Caglianone,Kansas City Royals,
Bowman,2024,Draft,Etched in Glass Variations,BDC-13,Christian Moore,Los Angeles Angels,
Bowman,2024,Draft,Etched in Glass Variations,BDC-16,Dante Nori,Philadelphia Phillies,
Bowman,2024,Draft,Etched in Glass Variations,BDC-18,Ryan Waldschmidt,Arizona Diamondbacks,
Bowman,2024,Draft,Etched in Glass Variations,BDC-20,Cam Caminiti,Atlanta Braves,
Bowman,2024,Draft,Etched in Glass Variations,BDC-22,Konnor Griffin,Pittsburgh Pirates,
Bowman,2024,Draft,Etched in Glass Variations,BDC-24,Kellon Lindsey,Los Angeles Dodgers,
Bowman,2024,Draft,Etched in Glass Variations,BDC-28,Carson Benge,New York Mets,
Bowman,2024,Draft,Etched in Glass Variations,BDC-40,James Tibbs III,San Francisco Giants,
Bowman,2024,Draft,Etched in Glass Variations,BDC-55,Chase Burns,Cincinnati Reds,
Bowman,2024,Draft,Etched in Glass Variations,BDC-56,Nick Kurtz,Oakland Athletics,
Bowman,2024,Draft,Etched in Glass Variations,BDC-58,Braden Montgomery,Boston Red Sox,
Bowman,2024,Draft,Etched in Glass Variations,BDC-62,Seaver King,Washington Nationals,
Bowman,2024,Draft,Etched in Glass Variations,BDC-67,Cam Smith,Chicago Cubs,
Bowman,2024,Draft,Etched in Glass Variations,BDC-72,Braylon Payne,Milwaukee Brewers,
Bowman,2024,Draft,Etched in Glass Variations,BDC-73,Theo Gillen,Tampa Bay Rays,
Bowman,2024,Draft,Etched in Glass Variations,BDC-86,Bryce Rainer,Detroit Tigers,
Bowman,2024,Draft,Etched in Glass Variations,BDC-98,Kaelen Culpepper,Minnesota Twins,
Bowman,2024,Draft,Final Draft,FD-1,Arjun Nimmala,Toronto Blue Jays,
Bowman,2024,Draft,Final Draft,FD-2,Jose Perdomo,Atlanta Braves,
Bowman,2024,Draft,Final Draft,FD-3,Fernando Cruz,Chicago Cubs,
Bowman,2024,Draft,Final Draft,FD-4,Max Clark,Detroit Tigers,
Bowman,2024,Draft,Final Draft,FD-5,Walker Jenkins,Minnesota Twins,
Bowman,2024,Draft,Final Draft,FD-6,Francisco Vilorio,New York Yankees,
Bowman,2024,Draft,Final Draft,FD-7,George Lombard Jr.,New York Yankees,
Bowman,2024,Draft,Final Draft,FD-8,Aidan Miller,Philadelphia Phillies,
Bowman,2024,Draft,Final Draft,FD-9,Leo De Vries,San Diego Padres,
Bowman,2024,Draft,Final Draft,FD-10,Paulino Santana,Texas Rangers,
Bowman,2024,Draft,Final Draft,FD-11,Travis Bazzana,Cleveland Guardians,
Bowman,2024,Draft,Final Draft,FD-12,Chase Burns,Cincinnati Reds,
Bowman,2024,Draft,Final Draft,FD-13,Nick Kurtz,Oakland Athletics,
Bowman,2024,Draft,Final Draft,FD-14,Jac Caglianone,Kansas City Royals,
Bowman,2024,Draft,Final Draft,FD-15,Christian Moore,Los Angeles Angels,
Bowman,2024,Draft,Final Draft,FD-16,Konnor Griffin,Pittsburgh Pirates,
Bowman,2024,Draft,Final Draft,FD-17,Seaver King,Washington Nationals,
Bowman,2024,Draft,Final Draft,FD-18,Bryce Rainer,Detroit Tigers,
Bowman,2024,Draft,Final Draft,FD-19,Braden Montgomery,Boston Red Sox,
Bowman,2024,Draft,Final Draft,FD-20,James Tibbs III,San Francisco Giants,
Bowman,2024,Draft,Image Variations,BDC-1,Travis Bazzana,Cleveland Guardians,
Bowman,2024,Draft,Image Variations,BDC-2,Hagen Smith,Chicago White Sox,
Bowman,2024,Draft,Image Variations,BDC-8,Jac Caglianone,Kansas City Royals,
Bowman,2024,Draft,Image Variations,BDC-13,Christian Moore,Los Angeles Angels,
Bowman,2024,Draft,Image Variations,BDC-22,Konnor Griffin,Pittsburgh Pirates,
Bowman,2024,Draft,Image Variations,BDC-55,Chase Burns,Cincinnati Reds,
Bowman,2024,Draft,Image Variations,BDC-56,Nick Kurtz,Oakland Athletics,
Bowman,2024,Draft,Image Variations,BDC-58,Braden Montgomery,Boston Red Sox,
Bowman,2024,Draft,Image Variations,BDC-67,Cam Smith,Chicago Cubs,
Bowman,2024,Draft,Image Variations,BDC-86,Bryce Rainer,Detroit Tigers,
Bowman,2024,Draft,Image Variations Autographs,CPA-CB,Chase Burns,Cincinnati Reds,
Bowman,2024,Draft,Image Variations Autographs,CPA-CM,Christian Moore,Los Angeles Angels,
Bowman,2024,Draft,Image Variations Autographs,CPA-HS,Hagen Smith,Chicago White Sox,
Bowman,2024,Draft,Image Variations Autographs,CPA-JC,Jac Caglianone,Kansas City Royals,
Bowman,2024,Draft,Image Variations Autographs,CPA-TB,Travis Bazzana,Cleveland Guardians,
Bowman,2024,Draft,In Tune,IT-1,Travis Bazzana,Cleveland Guardians,
Bowman,2024,Draft,In Tune,IT-2,Chase Burns,Cincinnati Reds,
Bowman,2024,Draft,In Tune,IT-3,Nick Kurtz,Oakland Athletics,
Bowman,2024,Draft,In Tune,IT-4,Hagen Smith,Chicago White Sox,
Bowman,2024,Draft,In Tune,IT-5,Jac Caglianone,Kansas City Royals,
Bowman,2024,Draft,In Tune,IT-6,Christian Moore,Los Angeles Angels,
Bowman,2024,Draft,In Tune,IT-7,Seaver King,Washington Nationals,
Bowman,2024,Draft,In Tune,IT-8,Braden Montgomery,Boston Red Sox,
Bowman,2024,Draft,In Tune,IT-9,James Tibbs III,San Francisco Giants,
Bowman,2024,Draft,In Tune,IT-10,Carson Benge,New York Mets,
Bowman,2024,Draft,In Tune,IT-11,Leo De Vries,San Diego Padres,
Bowman,2024,Draft,In Tune,IT-12,Paulino Santana,Texas Rangers,
Bowman,2024,Draft,In Tune,IT-13,Jose Perdomo,Atlanta Braves,
Bowman,2024,Draft,In Tune,IT-14,Emil Morales,Los Angeles Dodgers,
Bowman,2024,Draft,In Tune,IT-15,Adriel Radney,Arizona Diamondbacks,
Bowman,2024,Draft,In Tune,IT-16,Walker Jenkins,Minnesota Twins,
Bowman,2024,Draft,In Tune,IT-17,Max Clark,Detroit Tigers,
Bowman,2024,Draft,In Tune,IT-18,Dylan Crews,Washington Nationals,
Bowman,2024,Draft,In Tune,IT-19,Aidan Miller,Philadelphia Phillies,
Bowman,2024,Draft,In Tune,IT-20,Sebastian Walcott,Texas Rangers,
Bowman,2024,Draft,Plasma Power,PP-1,Travis Bazzana,Cleveland Guardians,
Bowman,2024,Draft,Plasma Power,PP-2,Nick Kurtz,Oakland Athletics,
Bowman,2024,Draft,Plasma Power,PP-3,Jac Caglianone,Kansas City Royals,
Bowman,2024,Draft,Plasma Power,PP-4,Christian Moore,Los Angeles Angels,
Bowman,2024,Draft,Plasma Power,PP-5,Braden Montgomery,Boston Red Sox,
Bowman,2024,Draft,Plasma Power,PP-6,James Tibbs III,San Francisco Giants,
Bowman,2024,Draft,Plasma Power,PP-7,Cam Smith,Chicago Cubs,
Bowman,2024,Draft,Plasma Power,PP-8,Carson Benge,New York Mets,
Bowman,2024,Draft,Plasma Power,PP-9,Seaver King,Washington Nationals,
Bowman,2024,Draft,Plasma Power,PP-10,Konnor Griffin,Pittsburgh Pirates,
Bowman,2024,Draft,Plasma Power,PP-11,Bryce Rainer,Detroit Tigers,
Bowman,2024,Draft,Plasma Power,PP-12,Brock Wilken,Milwaukee Brewers,
Bowman,2024,Draft,Plasma Power,PP-13,Ryan Waldschmidt,Arizona Diamondbacks,
Bowman,2024,Draft,Plasma Power,PP-14,Walker Jenkins,Minnesota Twins,
Bowman,2024,Draft,Plasma Power,PP-15,Bryce Eldridge,San Francisco Giants,
Bowman,2024,Draft,Plasma Power,PP-16,Matt Shaw,Chicago Cubs,
Bowman,2024,Draft,Plasma Power,PP-17,Kyle Teel,Boston Red Sox,
Bowman,2024,Draft,Plasma Power,PP-18,Roman Anthony,Boston Red Sox,
Bowman,2024,Draft,Plasma Power,PP-19,Leo De Vries,San Diego Padres,
Bowman,2024,Draft,Plasma Power,PP-20,Paulino Santana,Texas Rangers,
Bowman,2024,Draft,Plasma Power Autographs,PPA-BW,Brock Wilken,Milwaukee Brewers,
Bowman,2024,Draft,Plasma Power Autographs,PPA-CM,Christian Moore,Los Angeles Angels,
Bowman,2024,Draft,Plasma Power Autographs,PPA-CS,Cam Smith,Chicago Cubs,
Bowman,2024,Draft,Plasma Power Autographs,PPA-JC,Jac Caglianone,Kansas City Royals,
Bowman,2024,Draft,Plasma Power Autographs,PPA-JT,James Tibbs III,San Francisco Giants,
Bowman,2024,Draft,Plasma Power Autographs,PPA-KG,Konnor Griffin,Pittsburgh Pirates,
Bowman,2024,Draft,Plasma Power Autographs,PPA-LD,Leo De Vries,San Diego Padres,
Bowman,2024,Draft,Plasma Power Autographs,PPA-WJ,Walker Jenkins,Minnesota Twins,
Bowman,2024,Draft,Prospect Dual Autographs,PDA-BB,Travis Bazzana / Chase Burns,Cleveland Guardians,
Bowman,2024,Draft,Prospect Dual Autographs,PDA-BB,Travis Bazzana / Chase Burns,Cincinnati Reds,
Bowman,2024,Draft,Prospect Dual Autographs,PDA-BC,Travis Bazzana / Jac Caglianone,Cleveland Guardians,
Bowman,2024,Draft,Prospect Dual Autographs,PDA-BC,Travis Bazzana / Jac Caglianone,Kansas City Royals,
Bowman,2024,Draft,Prospect Dual Autographs,PDA-BK,Chase Burns / Nick Kurtz,Cincinnati Reds,
Bowman,2024,Draft,Prospect Dual Autographs,PDA-BK,Chase Burns / Nick Kurtz,Oakland Athletics,
Bowman,2024,Draft,Prospect Dual Autographs,PDA-BL,Rhett Lowder / Chase Burns,Cincinnati Reds,
Bowman,2024,Draft,Prospect Dual Autographs,PDA-BS,Chase Burns / Hagen Smith,Cincinnati Reds,
Bowman,2024,Draft,Prospect Dual Autographs,PDA-BS,Chase Burns / Hagen Smith,Chicago White Sox,
Bowman,2024,Draft,Prospect Dual Autographs,PDA-CM,Jac Caglianone / Blake Mitchell,Kansas City Royals,
Bowman,2024,Draft,Prospect Dual Autographs,PDA-GJ,Konnor Griffin / Termarr Johnson,Pittsburgh Pirates,
Bowman,2024,Draft,Prospect Dual Autographs,PDA-KG,Seaver King / Elijah Green,Washington Nationals,
Bowman,2024,Draft,Prospect Dual Autographs,PDA-SG,Jacob Gonzalez / Hagen Smith,Chicago White Sox,
Bowman,2024,Draft,Prospect Dual Autographs,PDA-TS,James Tibbs III / Cam Smith,San Francisco Giants,
Bowman,2024,Draft,Prospect Dual Autographs,PDA-TS,James Tibbs III / Cam Smith,Chicago Cubs,
Bowman,2024,Draft,Prospect Dual Autographs,PDA-WD,Ryan Waldschmidt / JD Dix,Arizona Diamondbacks,
Bowman,2024,Draft,Prospectors Special Edition Die-Cut Variations,BDC-1,Travis Bazzana,Cleveland Guardians,
Bowman,2024,Draft,Prospectors Special Edition Die-Cut Variations,BDC-2,Hagen Smith,Chicago White Sox,
Bowman,2024,Draft,Prospectors Special Edition Die-Cut Variations,BDC-8,Jac Caglianone,Kansas City Royals,
Bowman,2024,Draft,Prospectors Special Edition Die-Cut Variations,BDC-13,Christian Moore,Los Angeles Angels,
Bowman,2024,Draft,Prospectors Special Edition Die-Cut Variations,BDC-20,Cam Caminiti,Atlanta Braves,
Bowman,2024,Draft,Prospectors Special Edition Die-Cut Variations,BDC-22,Konnor Griffin,Pittsburgh Pirates,
Bowman,2024,Draft,Prospectors Special Edition Die-Cut Variations,BDC-24,Kellon Lindsey,Los Angeles Dodgers,
Bowman,2024,Draft,Prospectors Special Edition Die-Cut Variations,BDC-28,Carson Benge,New York Mets,
Bowman,2024,Draft,Prospectors Special Edition Die-Cut Variations,BDC-40,James Tibbs III,San Francisco Giants,
Bowman,2024,Draft,Prospectors Special Edition Die-Cut Variations,BDC-55,Chase Burns,Cincinnati Reds,
Bowman,2024,Draft,Prospectors Special Edition Die-Cut Variations,BDC-56,Nick Kurtz,Oakland Athletics,
Bowman,2024,Draft,Prospectors Special Edition Die-Cut Variations,BDC-58,Braden Montgomery,Boston Red Sox,
Bowman,2024,Draft,Prospectors Special Edition Die-Cut Variations,BDC-62,Seaver King,Washington Nationals,
Bowman,2024,Draft,Prospectors Special Edition Die-Cut Variations,BDC-67,Cam Smith,Chicago Cubs,
Bowman,2024,Draft,Prospectors Special Edition Die-Cut Variations,BDC-86,Bryce Rainer,Detroit Tigers,
Bowman,2024,Draft,Under Armour Game Autographs,,Braylon Doughty,Cleveland Guardians,
Bowman,2024,Draft,Under Armour Game Autographs,,Caleb Bonemer,Chicago White Sox,
Bowman,2024,Draft,Under Armour Game Autographs,,Braylon Payne,Milwaukee Brewers,
Bowman,2024,Draft,Under Armour Game Autographs,,Theo Gillen,Tampa Bay Rays,
Bowman,2024,Draft,Under Armour Game Autographs,,Konnor Griffin,Pittsburgh Pirates,