Base,1,Kodai Senga,New York Mets,
Base,2,Masyn Winn,St. Louis Cardinals,RC
Base,3,Spencer Steer,Cincinnati Reds,
Base,4,Trea Turner,Philadelphia Phillies,
Base,5,Masataka Yoshida,Boston Red Sox,
Base,6,Adolis García,Texas Rangers,
Base,7,Aaron Judge,New York Yankees,
Base,8,Sandy Alcantara,Miami Marlins,
Base,9,Heston Kjerstad,Baltimore Orioles,RC
Base,10,Rafael Devers,Boston Red Sox,
Base,11,Kyle Harrison,San Francisco Giants,RC
Base,12,Luis Matos,San Francisco Giants,RC
Base,13,Ronny Mauricio,New York Mets,RC
Base,14,Zack Gelof,Oakland Athletics,RC
Base,15,Tyler Soderstrom,Oakland Athletics,RC
Base,16,Riley Greene,Detroit Tigers,
Base,17,Jasson Domínguez,New York Yankees,(RC)
Base,18,Marco Luciano,San Francisco Giants,(RC)
Base,19,Mike Trout,Los Angeles Angels,
Base,20,Junior Caminero,Tampa Bay Rays,RC
Base,21,Alexander Canario,Chicago Cubs,RC
Base,22,Elly De La Cruz,Cincinnati Reds,RC
Base,23,Carlos Correa,Minnesota Twins,
Base,24,Corey Seager,Texas Rangers,
Base,25,Corbin Carroll,Arizona Diamondbacks,
Base,26,CJ Abrams,Washington Nationals,
Base,27,Jordyn Adams,Los Angeles Angels,RC
Base,28,Curtis Mead,Tampa Bay Rays,RC
Base,29,Jordan Walker,St. Louis Cardinals,
Base,30,José Tena,Cleveland Guardians,RC
Base,31,Colton Cowser,Baltimore Orioles,(RC)
Base,32,Ronald Acuña Jr.,Atlanta Braves,
Base,33,Shohei Ohtani,Los Angeles Dodgers,
Base,34,Christian Yelich,Milwaukee Brewers,
Base,35,Fernando Tatis Jr.,San Diego Padres,
Base,36,Yoshinobu Yamamoto,Los Angeles Dodgers,RC
Base,37,Bryce Harper,Philadelphia Phillies,
Base,38,Francisco Lindor,New York Mets,
Base,39,Sal Frelick,Milwaukee Brewers,(RC)
Base,40,Mookie Betts,Los Angeles Dodgers,
Base,41,Michael Harris II,Atlanta Braves,
Base,42,Jordan Westburg,Baltimore Orioles,RC
Base,43,Freddie Freeman,Los Angeles Dodgers,
Base,44,Lawrence Butler,Oakland Athletics,RC
Base,45,Corbin Burnes,Milwaukee Brewers,
Base,46,Evan Carter,Texas Rangers,RC
Base,47,Nolan Arenado,St. Louis Cardinals,
Base,48,Justin Verlander,Houston Astros,
Base,49,Gunnar Henderson,Baltimore Orioles,
Base,50,Kris Bryant,Colorado Rockies,
Base,51,Luis Arraez,Miami Marlins,
Base,52,José Rodríguez,Chicago White Sox,RC
Base,53,Yordan Alvarez,Houston Astros,
Base,54,Matt Olson,Atlanta Braves,
Base,55,Luis Robert Jr.,Chicago White Sox,
Base,56,Clayton Kershaw,Los Angeles Dodgers,
Base,57,Owen White,Texas Rangers,RC
Base,58,Austin Riley,Atlanta Braves,
Base,59,Bobby Witt Jr.,Kansas City Royals,
Base,60,Gerrit Cole,New York Yankees,
Base,61,Henry Davis,Pittsburgh Pirates,(RC)
Base,62,Nick Gonzales,Pittsburgh Pirates,RC
Base,63,AJ Smith-Shawver,Atlanta Braves,RC
Base,64,Kyle Tucker,Houston Astros,
Base,65,José Ramírez,Cleveland Guardians,
Base,66,Gavin Williams,Cleveland Guardians,RC
Base,67,Quinn Priester,Pittsburgh Pirates,RC
Base,68,Endy Rodríguez,Pittsburgh Pirates,RC
Base,69,Jung-hoo Lee,San Francisco Giants,RC
Base,70,Andrew Abbott,Cincinnati Reds,RC
Base,71,Nick Loftin,Kansas City Royals,RC
Base,72,Pete Alonso,New York Mets,
Base,73,Jose Altuve,Houston Astros,
Base,74,Blake Snell,San Diego Padres,
Base,75,Francisco Alvarez,New York Mets,
Base,76,Anthony Volpe,New York Yankees,
Base,77,Adley Rutschman,Baltimore Orioles,
Base,78,Juan Soto,New York Yankees,
Base,79,Christian Encarnacion-Stra,Cincinnati Reds,RC
Base,80,Noelvi Marte,Cincinnati Reds,RC
Base,81,Nolan Schanuel,Los Angeles Angels,RC
Base,82,Slade Cecconi,Arizona Diamondbacks,RC
Base,83,Bo Bichette,Toronto Blue Jays,
Base,84,Ceddanne Rafaela,Boston Red Sox,RC
Base,85,Pete Crow-Armstrong,Chicago Cubs,RC
Base,86,Johan Rojas,Philadelphia Phillies,RC
Base,87,Austin Wells,New York Yankees,RC
Base,88,Alex Verdugo,New York Yankees,
Base,89,Kyle Schwarber,Philadelphia Phillies,
Base,90,Julio Rodríguez,Seattle Mariners,
Base,91,Christopher Morel,Chicago Cubs,
Base,92,Dansby Swanson,Chicago Cubs,
Base,93,Everson Pereira,New York Yankees,RC
Base,94,Manny Machado,San Diego Padres,
Base,95,Jazz Chisholm Jr.,Miami Marlins,
Base,96,Jordan Lawlar,Arizona Diamondbacks,RC
Base,97,Vladimir Guerrero Jr.,Toronto Blue Jays,
Base,98,Josh Jung,Texas Rangers,
Base,99,Max Scherzer,Texas Rangers,
Base,100,Samad Taylor,Kansas City Royals,RC
Bowman Prospects,BP-1,Ryan Clifford,New York Mets,
Bowman Prospects,BP-2,Jadher Areinamo,Milwaukee Brewers,
Bowman Prospects,BP-3,Jacob Wilson,Oakland Athletics,
Bowman Prospects,BP-4,Bryan Acuña,Minnesota Twins,
Bowman Prospects,BP-5,Jace Jung,Detroit Tigers,
Bowman Prospects,BP-6,Mac Horvath,Baltimore Orioles,
Bowman Prospects,BP-7,Derniche Valdez,Chicago Cubs,
Bowman Prospects,BP-8,Colson Montgomery,Chicago White Sox,
Bowman Prospects,BP-9,Tai Peete,Seattle Mariners,
Bowman Prospects,BP-10,Colt Emerson,Seattle Mariners,
Bowman Prospects,BP-11,Douglas Glod,Atlanta Braves,
Bowman Prospects,BP-12,Josue De Paula,Los Angeles Dodgers,
Bowman Prospects,BP-13,Cam Collier,Cincinnati Reds,
Bowman Prospects,BP-14,Allan Castro,Boston Red Sox,
Bowman Prospects,BP-15,Ryan Vanderhei,San Francisco Giants,
Bowman Prospects,BP-16,Abimelec Ortiz,Texas Rangers,
Bowman Prospects,BP-17,Justin Crawford,Philadelphia Phillies,
Bowman Prospects,BP-18,Max Wagner,Baltimore Orioles,
Bowman Prospects,BP-19,Jared Dickey,Kansas City Royals,
Bowman Prospects,BP-20,Antonio Anderson,Boston Red Sox,
Bowman Prospects,BP-21,Isaiah Drake,Atlanta Braves,
Bowman Prospects,BP-22,Roman Anthony,Boston Red Sox,
Bowman Prospects,BP-23,Dylan Crews,Washington Nationals,
Bowman Prospects,BP-24,Termarr Johnson,Pittsburgh Pirates,
Bowman Prospects,BP-25,Carlos Sanchez,Cincinnati Reds,
Bowman Prospects,BP-26,Maui Ahuna,San Francisco Giants,
Bowman Prospects,BP-27,Aidan Miller,Philadelphia Phillies,
Bowman Prospects,BP-28,Ramon Landaeta,Oakland Athletics,
Bowman Prospects,BP-29,Ralphy Velazquez,Cleveland Guardians,
Bowman Prospects,BP-30,Matt Shaw,Chicago Cubs,
Bowman Prospects,BP-31,Enrique Jimenez,Detroit Tigers,
Bowman Prospects,BP-32,Spencer Jones,New York Yankees,
Bowman Prospects,BP-33,Carson Roccaforte,Kansas City Royals,
Bowman Prospects,BP-34,Kevin Sim,Arizona Diamondbacks,
Bowman Prospects,BP-35,Gabriel Gonzalez,Seattle Mariners,
Bowman Prospects,BP-36,Brock Porter,Texas Rangers,
Bowman Prospects,BP-37,Spencer Nivens,Kansas City Royals,
Bowman Prospects,BP-38,Samuel Basallo,Baltimore Orioles,
Bowman Prospects,BP-39,Diego Benitez,Atlanta Braves,
Bowman Prospects,BP-40,Luisangel Acuña,New York Mets,
Bowman Prospects,BP-41,Jacob Gonzalez,Chicago White Sox,
Bowman Prospects,BP-42,Daniel Susac,Oakland Athletics,
Bowman Prospects,BP-43,Walker Jenkins,Minnesota Twins,
Bowman Prospects,BP-44,Marcelo Mayer,Boston Red Sox,
Bowman Prospects,BP-45,Aidan Smith,Seattle Mariners,
Bowman Prospects,BP-46,Travis Honeyman,St. Louis Cardinals,
Bowman Prospects,BP-47,Jackson Holliday,Baltimore Orioles,
Bowman Prospects,BP-48,Kyle Teel,Boston Red Sox,
Bowman Prospects,BP-49,Johanfran Garcia,Boston Red Sox,
Bowman Prospects,BP-50,Luke Adams,Milwaukee Brewers,
Bowman Prospects,BP-51,Alfredo Duno,Cincinnati Reds,
Bowman Prospects,BP-52,Yohandy Morales,Washington Nationals,
Bowman Prospects,BP-53,Enmanuel Bonilla,Toronto Blue Jays,
Bowman Prospects,BP-54,Jett Williams,New York Mets,
Bowman Prospects,BP-55,Hao-Yu Lee,Detroit Tigers,
Bowman Prospects,BP-56,Abraham Nunez,Chicago White Sox,
Bowman Prospects,BP-57,Samuel Zavala,San Diego Padres,
Bowman Prospects,BP-58,Kendall George,Los Angeles Dodgers,
Bowman Prospects,BP-59,Daiverson Gutierrez,New York Mets,
Bowman Prospects,BP-60,Druw Jones,Arizona Diamondbacks,
Bowman Prospects,BP-61,Adrian Santana,Tampa Bay Rays,
Bowman Prospects,BP-62,Brock Vradenburg,Miami Marlins,
Bowman Prospects,BP-63,Estuar Suero,Pittsburgh Pirates,
Bowman Prospects,BP-64,Wyatt Langford,Texas Rangers,
Bowman Prospects,BP-65,Carson Rucker,Detroit Tigers,
Bowman Prospects,BP-66,Luis Baez,Houston Astros,
Bowman Prospects,BP-67,Ben Williamson,Seattle Mariners,
Bowman Prospects,BP-68,Jared Serna,New York Yankees,
Bowman Prospects,BP-69,Brice Matthews,Houston Astros,
Bowman Prospects,BP-70,Roc Riggio,New York Yankees,
Bowman Prospects,BP-71,Jose Rodriguez,Minnesota Twins,
Bowman Prospects,BP-72,Elijah Green,Washington Nationals,
Bowman Prospects,BP-73,Capri Ortiz,Los Angeles Angels,
Bowman Prospects,BP-74,Max Clark,Detroit Tigers,
Bowman Prospects,BP-75,Esmil Valencia,Houston Astros,
Bowman Prospects,BP-76,Tommy Troy,Arizona Diamondbacks,
Bowman Prospects,BP-77,John Cruz,New York Yankees,
Bowman Prospects,BP-78,John Wimmer,Los Angeles Angels,
Bowman Prospects,BP-79,George Lombard Jr.,New York Yankees,
Bowman Prospects,BP-80,Tony Ruiz,Kansas City Royals,
Bowman Prospects,BP-81,Sebastian Walcott,Texas Rangers,
Bowman Prospects,BP-82,Kemp Alderman,Miami Marlins,
Bowman Prospects,BP-83,Cole Foster,San Francisco Giants,
Bowman Prospects,BP-84,Brando Mayea,New York Yankees,
Bowman Prospects,BP-85,Agustin Ramirez,New York Yankees,
Bowman Prospects,BP-86,Brock Wilken,Milwaukee Brewers,
Bowman Prospects,BP-87,Homer Bush Jr.,San Diego Padres,
Bowman Prospects,BP-88,Nazzan Zanetello,Boston Red Sox,
Bowman Prospects,BP-89,Joendry Vargas,Los Angeles Dodgers,
Bowman Prospects,BP-90,Yanquiel Fernandez,Colorado Rockies,
Bowman Prospects,BP-91,James Wood,Washington Nationals,
Bowman Prospects,BP-92,Ronny Hernandez,Chicago White Sox,
Bowman Prospects,BP-93,German Ramirez,Houston Astros,
Bowman Prospects,BP-94,Felnin Celesten,Seattle Mariners,
Bowman Prospects,BP-95,Brooks Brannon,Boston Red Sox,
Bowman Prospects,BP-96,Carson Whisenhunt,San Francisco Giants,
Bowman Prospects,BP-97,Michael Arroyo,Seattle Mariners,
Bowman Prospects,BP-98,Alberto Rios,Los Angeles Angels,
Bowman Prospects,BP-99,Brayden Taylor,Tampa Bay Rays,
Bowman Prospects,BP-100,Roderick Arias,New York Yankees,
Bowman Prospects,BP-101,Filippo Di Turi,Milwaukee Brewers,
Bowman Prospects,BP-102,Ethan Salas,San Diego Padres,
Bowman Prospects,BP-103,Enmanuel Tejeda,New York Yankees,
Bowman Prospects,BP-104,Jack Hurley,Arizona Diamondbacks,
Bowman Prospects,BP-105,Ryan Lasko,Oakland Athletics,
Bowman Prospects,BP-106,Jaron Elkins,Los Angeles Dodgers,
Bowman Prospects,BP-107,Anthony Scull,Los Angeles Angels,
Bowman Prospects,BP-108,Anthony Huezo,Houston Astros,
Bowman Prospects,BP-109,Dillon Head,San Diego Padres,
Bowman Prospects,BP-110,Lázaro Montes,Seattle Mariners,
Bowman Prospects,BP-111,J.D. Gonzalez,San Diego Padres,
Bowman Prospects,BP-112,Cole Young,Seattle Mariners,
Bowman Prospects,BP-113,TayShaun Walton,Philadelphia Phillies,
Bowman Prospects,BP-114,David Guzman,Toronto Blue Jays,
Bowman Prospects,BP-115,Josh Rivera,Chicago Cubs,
Bowman Prospects,BP-116,Jacob Burke,Chicago White Sox,
Bowman Prospects,BP-117,Blake Mitchell,Kansas City Royals,
Bowman Prospects,BP-118,Luis Guanipa,Atlanta Braves,
Bowman Prospects,BP-119,Ryan Burrowes,Chicago White Sox,
Bowman Prospects,BP-120,Carlos Silva,Minnesota Twins,
Bowman Prospects,BP-121,Felix Morrobel,Los Angeles Angels,
Bowman Prospects,BP-122,Luke Keaschall,Minnesota Twins,
Bowman Prospects,BP-123,Colin Houck,New York Mets,
Bowman Prospects,BP-124,Colton Ledbetter,Tampa Bay Rays,
Bowman Prospects,BP-125,Paul Skenes,Pittsburgh Pirates,
Bowman Prospects,BP-126,Tre' Morgan,Tampa Bay Rays,
Bowman Prospects,BP-127,Rayner Arias,San Francisco Giants,
Bowman Prospects,BP-128,Max Anderson,Detroit Tigers,
Bowman Prospects,BP-129,Byron Chourio,Minnesota Twins,
Bowman Prospects,BP-130,Sabin Ceballos,Atlanta Braves,
Bowman Prospects,BP-131,Robert Calaz,Colorado Rockies,
Bowman Prospects,BP-132,Tony Blanco Jr.,Pittsburgh Pirates,
Bowman Prospects,BP-133,Xavier Isaac,Tampa Bay Rays,
Bowman Prospects,BP-134,Bryce Eldridge,San Francisco Giants,
Bowman Prospects,BP-135,Camilo Diaz,Houston Astros,
Bowman Prospects,BP-136,Myles Naylor,Oakland Athletics,
Bowman Prospects,BP-137,Cooper Pratt,Milwaukee Brewers,
Bowman Prospects,BP-138,Mike Boeve,Milwaukee Brewers,
Bowman Prospects,BP-139,Yoeilin Cespedes,Boston Red Sox,
Bowman Prospects,BP-140,Jackson Chourio,Milwaukee Brewers,
Bowman Prospects,BP-141,Anthony Baptist,New York Mets,
Bowman Prospects,BP-142,Arjun Nimmala,Toronto Blue Jays,
Bowman Prospects,BP-143,Brooks Lee,Minnesota Twins,
Bowman Prospects,BP-144,George Wolkow,Chicago White Sox,
Bowman Prospects,BP-145,Jackson Merrill,San Diego Padres,
Bowman Prospects,BP-146,Raylin Heredia,Philadelphia Phillies,
Bowman Prospects,BP-147,Jonny Farmelo,Seattle Mariners,
Bowman Prospects,BP-148,Garret Forrester,Pittsburgh Pirates,
Bowman Prospects,BP-149,Enrique Bradfield Jr.,Baltimore Orioles,
Bowman Prospects,BP-150,Chase Davis,St. Louis Cardinals,
Bowman Chrome Prospects,BCP-1,Ryan Clifford,New York Mets,
Bowman Chrome Prospects,BCP-2,Jadher Areinamo,Milwaukee Brewers,
Bowman Chrome Prospects,BCP-3,Jacob Wilson,Oakland Athletics,
Bowman Chrome Prospects,BCP-4,Bryan Acuña,Minnesota Twins,
Bowman Chrome Prospects,BCP-5,Jace Jung,Detroit Tigers,
Bowman Chrome Prospects,BCP-6,Mac Horvath,Baltimore Orioles,
Bowman Chrome Prospects,BCP-7,Derniche Valdez,Chicago Cubs,
Bowman Chrome Prospects,BCP-8,Colson Montgomery,Chicago White Sox,
Bowman Chrome Prospects,BCP-9,Tai Peete,Seattle Mariners,
Bowman Chrome Prospects,BCP-10,Colt Emerson,Seattle Mariners,
Bowman Chrome Prospects,BCP-11,Douglas Glod,Atlanta Braves,
Bowman Chrome Prospects,BCP-12,Josue De Paula,Los Angeles Dodgers,
Bowman Chrome Prospects,BCP-13,Cam Collier,Cincinnati Reds,
Bowman Chrome Prospects,BCP-14,Allan Castro,Boston Red Sox,
Bowman Chrome Prospects,BCP-15,Ryan Vanderhei,San Francisco Giants,
Bowman Chrome Prospects,BCP-16,Abimelec Ortiz,Texas Rangers,
Bowman Chrome Prospects,BCP-17,Justin Crawford,Philadelphia Phillies,
Bowman Chrome Prospects,BCP-18,Max Wagner,Baltimore Orioles,
Bowman Chrome Prospects,BCP-19,Jared Dickey,Kansas City Royals,
Bowman Chrome Prospects,BCP-20,Antonio Anderson,Boston Red Sox,
Bowman Chrome Prospects,BCP-21,Isaiah Drake,Atlanta Braves,
Bowman Chrome Prospects,BCP-22,Roman Anthony,Boston Red Sox,
Bowman Chrome Prospects,BCP-23,Dylan Crews,Washington Nationals,
Bowman Chrome Prospects,BCP-24,Termarr Johnson,Pittsburgh Pirates,
Bowman Chrome Prospects,BCP-25,Carlos Sanchez,Cincinnati Reds,
Bowman Chrome Prospects,BCP-26,Maui Ahuna,San Francisco Giants,
Bowman Chrome Prospects,BCP-27,Aidan Miller,Philadelphia Phillies,
Bowman Chrome Prospects,BCP-28,Ramon Landaeta,Oakland Athletics,
Bowman Chrome Prospects,BCP-29,Ralphy Velazquez,Cleveland Guardians,
Bowman Chrome Prospects,BCP-30,Matt Shaw,Chicago Cubs,
Bowman Chrome Prospects,BCP-31,Enrique Jimenez,Detroit Tigers,
Bowman Chrome Prospects,BCP-32,Spencer Jones,New York Yankees,
Bowman Chrome Prospects,BCP-33,Carson Roccaforte,Kansas City Royals,
Bowman Chrome Prospects,BCP-34,Kevin Sim,Arizona Diamondbacks,
Bowman Chrome Prospects,BCP-35,Gabriel Gonzalez,Seattle Mariners,
Bowman Chrome Prospects,BCP-36,Brock Porter,Texas Rangers,
Bowman Chrome Prospects,BCP-37,Spencer Nivens,Kansas City Royals,
Bowman Chrome Prospects,BCP-38,Samuel Basallo,Baltimore Orioles,
Bowman Chrome Prospects,BCP-39,Diego Benitez,Atlanta Braves,
Bowman Chrome Prospects,BCP-40,Luisangel Acuña,New York Mets,
Bowman Chrome Prospects,BCP-41,Jacob Gonzalez,Chicago White Sox,
Bowman Chrome Prospects,BCP-42,Daniel Susac,Oakland Athletics,
Bowman Chrome Prospects,BCP-43,Walker Jenkins,Minnesota Twins,
Bowman Chrome Prospects,BCP-44,Marcelo Mayer,Boston Red Sox,
Bowman Chrome Prospects,BCP-45,Aidan Smith,Seattle Mariners,
Bowman Chrome Prospects,BCP-46,Travis Honeyman,St. Louis Cardinals,
Bowman Chrome Prospects,BCP-47,Jackson Holliday,Baltimore Orioles,
Bowman Chrome Prospects,BCP-48,Kyle Teel,Boston Red Sox,
Bowman Chrome Prospects,BCP-49,Johanfran Garcia,Boston Red Sox,
Bowman Chrome Prospects,BCP-50,Luke Adams,Milwaukee Brewers,
Bowman Chrome Prospects,BCP-51,Alfredo Duno,Cincinnati Reds,
Bowman Chrome Prospects,BCP-52,Yohandy Morales,Washington Nationals,
Bowman Chrome Prospects,BCP-53,Enmanuel Bonilla,Toronto Blue Jays,
Bowman Chrome Prospects,BCP-54,Jett Williams,New York Mets,
Bowman Chrome Prospects,BCP-55,Hao-Yu Lee,Detroit Tigers,
Bowman Chrome Prospects,BCP-56,Abraham Nunez,Chicago White Sox,
Bowman Chrome Prospects,BCP-57,Samuel Zavala,San Diego Padres,
Bowman Chrome Prospects,BCP-58,Kendall George,Los Angeles Dodgers,
Bowman Chrome Prospects,BCP-59,Daiverson Gutierrez,New York Mets,
Bowman Chrome Prospects,BCP-60,Druw Jones,Arizona Diamondbacks,
Bowman Chrome Prospects,BCP-61,Adrian Santana,Tampa Bay Rays,
Bowman Chrome Prospects,BCP-62,Brock Vradenburg,Miami Marlins,
Bowman Chrome Prospects,BCP-63,Estuar Suero,Pittsburgh Pirates,
Bowman Chrome Prospects,BCP-64,Wyatt Langford,Texas Rangers,
Bowman Chrome Prospects,BCP-65,Carson Rucker,Detroit Tigers,
Bowman Chrome Prospects,BCP-66,Luis Baez,Houston Astros,
Bowman Chrome Prospects,BCP-67,Ben Williamson,Seattle Mariners,
Bowman Chrome Prospects,BCP-68,Jared Serna,New York Yankees,
Bowman Chrome Prospects,BCP-69,Brice Matthews,Houston Astros,
Bowman Chrome Prospects,BCP-70,Roc Riggio,New York Yankees,
Bowman Chrome Prospects,BCP-71,Jose Rodriguez,Minnesota Twins,
Bowman Chrome Prospects,BCP-72,Elijah Green,Washington Nationals,
Bowman Chrome Prospects,BCP-73,Capri Ortiz,Los Angeles Angels,
Bowman Chrome Prospects,BCP-74,Max Clark,Detroit Tigers,
Bowman Chrome Prospects,BCP-75,Esmil Valencia,Houston Astros,
Bowman Chrome Prospects,BCP-76,Tommy Troy,Arizona Diamondbacks,
Bowman Chrome Prospects,BCP-77,John Cruz,New York Yankees,
Bowman Chrome Prospects,BCP-78,John Wimmer,Los Angeles Angels,
Bowman Chrome Prospects,BCP-79,George Lombard Jr.,New York Yankees,
Bowman Chrome Prospects,BCP-80,Tony Ruiz,Kansas City Royals,
Bowman Chrome Prospects,BCP-81,Sebastian Walcott,Texas Rangers,
Bowman Chrome Prospects,BCP-82,Kemp Alderman,Miami Marlins,
Bowman Chrome Prospects,BCP-83,Cole Foster,San Francisco Giants,
Bowman Chrome Prospects,BCP-84,Brando Mayea,New York Yankees,
Bowman Chrome Prospects,BCP-85,Agustin Ramirez,New York Yankees,
Bowman Chrome Prospects,BCP-86,Brock Wilken,Milwaukee Brewers,
Bowman Chrome Prospects,BCP-87,Homer Bush Jr.,San Diego Padres,
Bowman Chrome Prospects,BCP-88,Nazzan Zanetello,Boston Red Sox,
Bowman Chrome Prospects,BCP-89,Joendry Vargas,Los Angeles Dodgers,
Bowman Chrome Prospects,BCP-90,Yanquiel Fernandez,Colorado Rockies,
Bowman Chrome Prospects,BCP-91,James Wood,Washington Nationals,
Bowman Chrome Prospects,BCP-92,Ronny Hernandez,Chicago White Sox,
Bowman Chrome Prospects,BCP-93,German Ramirez,Houston Astros,
Bowman Chrome Prospects,BCP-94,Felnin Celesten,Seattle Mariners,
Bowman Chrome Prospects,BCP-95,Brooks Brannon,Boston Red Sox,
Bowman Chrome Prospects,BCP-96,Carson Whisenhunt,San Francisco Giants,
Bowman Chrome Prospects,BCP-97,Michael Arroyo,Seattle Mariners,
Bowman Chrome Prospects,BCP-98,Alberto Rios,Los Angeles Angels,
Bowman Chrome Prospects,BCP-99,Brayden Taylor,Tampa Bay Rays,
Bowman Chrome Prospects,BCP-100,Roderick Arias,New York Yankees,
Bowman Chrome Prospects,BCP-101,Filippo Di Turi,Milwaukee Brewers,
Bowman Chrome Prospects,BCP-102,Ethan Salas,San Diego Padres,
Bowman Chrome Prospects,BCP-103,Enmanuel Tejeda,New York Yankees,
Bowman Chrome Prospects,BCP-104,Jack Hurley,Arizona Diamondbacks,
Bowman Chrome Prospects,BCP-105,Ryan Lasko,Oakland Athletics,
Bowman Chrome Prospects,BCP-106,Jaron Elkins,Los Angeles Dodgers,
Bowman Chrome Prospects,BCP-107,Anthony Scull,Los Angeles Angels,
Bowman Chrome Prospects,BCP-108,Anthony Huezo,Houston Astros,
Bowman Chrome Prospects,BCP-109,Dillon Head,San Diego Padres,
Bowman Chrome Prospects,BCP-110,Lazaro Montes,Seattle Mariners,
Bowman Chrome Prospects,BCP-111,J.D. Gonzalez,San Diego Padres,
Bowman Chrome Prospects,BCP-112,Cole Young,Seattle Mariners,
Bowman Chrome Prospects,BCP-113,TayShaun Walton,Philadelphia Phillies,
Bowman Chrome Prospects,BCP-114,David Guzman,Toronto Blue Jays,
Bowman Chrome Prospects,BCP-115,Josh Rivera,Chicago Cubs,
Bowman Chrome Prospects,BCP-116,Jacob Burke,Chicago White Sox,
Bowman Chrome Prospects,BCP-117,Blake Mitchell,Kansas City Royals,
Bowman Chrome Prospects,BCP-118,Luis Guanipa,Atlanta Braves,
Bowman Chrome Prospects,BCP-119,Ryan Burrowes,Chicago White Sox,
Bowman Chrome Prospects,BCP-120,Carlos Silva,Minnesota Twins,
Bowman Chrome Prospects,BCP-121,Felix Morrobel,Los Angeles Angels,
Bowman Chrome Prospects,BCP-122,Luke Keaschall,Minnesota Twins,
Bowman Chrome Prospects,BCP-123,Colin Houck,New York Mets,
Bowman Chrome Prospects,BCP-124,Colton Ledbetter,Tampa Bay Rays,
Bowman Chrome Prospects,BCP-125,Paul Skenes,Pittsburgh Pirates,
Bowman Chrome Prospects,BCP-126,Tre' Morgan,Tampa Bay Rays,
Bowman Chrome Prospects,BCP-127,Rayner Arias,San Francisco Giants,
Bowman Chrome Prospects,BCP-128,Max Anderson,Detroit Tigers,
Bowman Chrome Prospects,BCP-129,Byron Chourio,Minnesota Twins,
Bowman Chrome Prospects,BCP-130,Sabin Ceballos,Atlanta Braves,
Bowman Chrome Prospects,BCP-131,Robert Calaz,Colorado Rockies,
Bowman Chrome Prospects,BCP-132,Tony Blanco Jr.,Pittsburgh Pirates,
Bowman Chrome Prospects,BCP-133,Xavier Isaac,Tampa Bay Rays,
Bowman Chrome Prospects,BCP-134,Bryce Eldridge,San Francisco Giants,
Bowman Chrome Prospects,BCP-135,Camilo Diaz,Houston Astros,
Bowman Chrome Prospects,BCP-136,Myles Naylor,Oakland Athletics,
Bowman Chrome Prospects,BCP-137,Cooper Pratt,Milwaukee Brewers,
Bowman Chrome Prospects,BCP-138,Mike Boeve,Milwaukee Brewers,
Bowman Chrome Prospects,BCP-139,Yoeilin Cespedes,Boston Red Sox,
Bowman Chrome Prospects,BCP-140,Jackson Chourio,Milwaukee Brewers,
Bowman Chrome Prospects,BCP-141,Anthony Baptist,New York Mets,
Bowman Chrome Prospects,BCP-142,Arjun Nimmala,Toronto Blue Jays,
Bowman Chrome Prospects,BCP-143,Brooks Lee,Minnesota Twins,
Bowman Chrome Prospects,BCP-144,George Wolkow,Chicago White Sox,
Bowman Chrome Prospects,BCP-145,Jackson Merrill,San Diego Padres,
Bowman Chrome Prospects,BCP-146,Raylin Heredia,Philadelphia Phillies,
Bowman Chrome Prospects,BCP-147,Jonny Farmelo,Seattle Mariners,
Bowman Chrome Prospects,BCP-148,Garret Forrester,Pittsburgh Pirates,
Bowman Chrome Prospects,BCP-149,Enrique Bradfield Jr.,Baltimore Orioles,
Bowman Chrome Prospects,BCP-150,Chase Davis,St. Louis Cardinals,
55 Bowman Anime,BA-1,Elly De La Cruz,Cincinnati Reds,
55 Bowman Anime,BA-2,Shohei Ohtani,Los Angeles Dodgers,
55 Bowman Anime,BA-3,Mike Trout,Los Angeles Angels,
55 Bowman Anime,BA-4,Aaron Judge,New York Yankees,
55 Bowman Anime,BA-5,Druw Jones,Arizona Diamondbacks,
55 Bowman Anime,BA-6,Jackson Holliday,Baltimore Orioles,
55 Bowman Anime,BA-7,Henry Davis,Pittsburgh Pirates,
55 Bowman Anime,BA-8,Mookie Betts,Los Angeles Dodgers,
55 Bowman Anime,BA-9,Marcelo Mayer,Boston Red Sox,
55 Bowman Anime,BA-10,Corbin Carroll,Arizona Diamondbacks,
55 Bowman Anime,BA-11,Ronald Acuña Jr.,Atlanta Braves,
55 Bowman Anime,BA-12,Jackson Chourio,Milwaukee Brewers,
55 Bowman Anime,BA-13,Masataka Yoshida,Boston Red Sox,
55 Bowman Anime,BA-14,Julio Rodríguez,Seattle Mariners,
55 Bowman Anime,BA-15,Jasson Domínguez,New York Yankees,
All America Game Autographs,,Dylan Crews,Washington Nationals,
All America Game Autographs,,Aidan Miller,Philadelphia Phillies,
All America Game Autographs,,George Wolkow,Chicago White Sox,
All America Game Autographs,,George Lombard Jr.,New York Yankees,
Bowman AI,BAI-1,Elly De La Cruz,Cincinnati Reds,
Bowman AI,BAI-2,Henry Davis,Pittsburgh Pirates,
Bowman AI,BAI-3,Marco Luciano,San Francisco Giants,
Bowman AI,BAI-4,Tyler Soderstrom,Oakland Athletics,
Bowman AI,BAI-5,Jordan Lawlar,Arizona Diamondbacks,
Bowman AI,BAI-6,Jackson Holliday,Baltimore Orioles,
Bowman AI,BAI-7,Druw Jones,Arizona Diamondbacks,
Bowman AI,BAI-8,Jasson Domínguez,New York Yankees,
Bowman AI,BAI-9,Colson Montgomery,Chicago White Sox,
Bowman AI,BAI-10,Walker Jenkins,Minnesota Twins,
Bowman AI,BAI-11,Max Clark,Detroit Tigers,
Bowman AI,BAI-12,Sebastian Walcott,Texas Rangers,
Bowman AI,BAI-13,Dylan Crews,Washington Nationals,
Bowman AI,BAI-14,Ethan Salas,San Diego Padres,
Bowman AI,BAI-15,Paul Skenes,Pittsburgh Pirates,
Bowman AI,BAI-16,Jackson Chourio,Milwaukee Brewers,
Bowman AI,BAI-17,James Wood,Washington Nationals,
Bowman AI,BAI-18,Arjun Nimmala,Toronto Blue Jays,
Bowman AI,BAI-19,George Lombard Jr.,New York Yankees,
Bowman AI,BAI-20,Junior Caminero,Tampa Bay Rays,
Bowman Prospect Autographs,PPRA-AN,Arjun Nimmala,Toronto Blue Jays,
Bowman Prospect Autographs,PPRA-BC,Bubba Chandler,Pittsburgh Pirates,
Bowman Prospect Autographs,PPRA-BE,Bryce Eldridge,San Francisco Giants,
Bowman Prospect Autographs,PPRA-BHO,Brady House,Washington Nationals,
Bowman Prospect Autographs,PPRA-BM,Brice Matthews,Houston Astros,
Bowman Prospect Autographs,PPRA-CEA,Connelly Early,Boston Red Sox,
Bowman Prospect Autographs,PPRA-CJ,Chase Jaworsky,Houston Astros,
Bowman Prospect Autographs,PPRA-CO,Connor O'Halloran,Toronto Blue Jays,
Bowman Prospect Autographs,PPRA-CR,Carlson Reed,Pittsburgh Pirates,
Bowman Prospect Autographs,PPRA-CS,Cole Schoenwetter,Cincinnati Reds,
Bowman Prospect Autographs,PPRA-DC,Dylan Crews,Washington Nationals,
Bowman Prospect Autographs,PPRA-EB,Enrique Bradfield Jr.,Baltimore Orioles,
Bowman Prospect Autographs,PPRA-EO,Emmett Olson,Miami Marlins,
Bowman Prospect Autographs,PPRA-EP,Eddinson Paulino,Boston Red Sox,
Bowman Prospect Autographs,PPRA-ES,Ethan Salas,San Diego Padres,
Bowman Prospect Autographs,PPRA-ESW,Eriq Swan,Los Angeles Dodgers,
Bowman Prospect Autographs,PPRA-GB,Garrett Baumann,Atlanta Braves,
Bowman Prospect Autographs,PPRA-GL,George Lombard Jr.,New York Yankees,
Bowman Prospect Autographs,PPRA-HB,Hunter Barco,Pittsburgh Pirates,
Bowman Prospect Autographs,PPRA-JJ,Jackson Jobe,Detroit Tigers,
Bowman Prospect Autographs,PPRA-JM,Jonathan Mejia,St. Louis Cardinals,
Bowman Prospect Autographs,PPRA-JR,Jefferson Rojas,Chicago Cubs,
Bowman Prospect Autographs,PPRA-KM,Kyle Manzardo,Cleveland Guardians,
Bowman Prospect Autographs,PPRA-MBA,Mason Barnett,Kansas City Royals,
Bowman Prospect Autographs,PPRA-RB,Ryan Birchard,Milwaukee Brewers,
Bowman Prospect Autographs,PPRA-YD,Yordany De Los Santos,Pittsburgh Pirates,
Bowman Prospect Autographs,PPRA-YF,Yanquiel Fernandez,Colorado Rockies,
Bowman Scouts' Top 100,BTP-1,Jackson Holliday,Baltimore Orioles,
Bowman Scouts' Top 100,BTP-2,Jackson Chourio,Milwaukee Brewers,
Bowman Scouts' Top 100,BTP-3,Paul Skenes,Pittsburgh Pirates,
Bowman Scouts' Top 100,BTP-4,Dylan Crews,Washington Nationals,
Bowman Scouts' Top 100,BTP-5,Ethan Salas,San Diego Padres,
Bowman Scouts' Top 100,BTP-6,James Wood,Washington Nationals,
Bowman Scouts' Top 100,BTP-7,Jackson Merrill,San Diego Padres,
Bowman Scouts' Top 100,BTP-8,Marcelo Mayer,Boston Red Sox,
Bowman Scouts' Top 100,BTP-9,Wyatt Langford,Texas Rangers,
Bowman Scouts' Top 100,BTP-10,Max Clark,Detroit Tigers,
Bowman Scouts' Top 100,BTP-11,Walker Jenkins,Minnesota Twins,
Bowman Scouts' Top 100,BTP-12,Colson Montgomery,Chicago White Sox,
Bowman Scouts' Top 100,BTP-13,Brooks Lee,Minnesota Twins,
Bowman Scouts' Top 100,BTP-14,Carson Williams,Tampa Bay Rays,
Bowman Scouts' Top 100,BTP-15,Adael Amador,Colorado Rockies,
Bowman Scouts' Top 100,BTP-16,Termarr Johnson,Pittsburgh Pirates,
Bowman Scouts' Top 100,BTP-17,Colt Keith,Detroit Tigers,
Bowman Scouts' Top 100,BTP-18,Andrew Painter,Philadelphia Phillies,
Bowman Scouts' Top 100,BTP-19,Ricky Tiedemann,Toronto Blue Jays,
Bowman Scouts' Top 100,BTP-20,Jeferson Quero,Milwaukee Brewers,
Bowman Scouts' Top 100,BTP-21,Druw Jones,Arizona Diamondbacks,
Bowman Scouts' Top 100,BTP-22,Roman Anthony,Boston Red Sox,
Bowman Scouts' Top 100,BTP-23,Cole Young,Seattle Mariners,
Bowman Scouts' Top 100,BTP-24,Luisangel Acuña,New York Mets,
Bowman Scouts' Top 100,BTP-25,Harry Ford,Seattle Mariners,
Bowman Scouts' Top 100,BTP-26,Brady House,Washington Nationals,
Bowman Scouts' Top 100,BTP-27,Rhett Lowder,Cincinnati Reds,
Bowman Scouts' Top 100,BTP-28,Tink Hence,St. Louis Cardinals,
Bowman Scouts' Top 100,BTP-29,Dalton Rushing,Los Angeles Dodgers,
Bowman Scouts' Top 100,BTP-30,Mick Abel,Philadelphia Phillies,
Bowman Scouts' Top 100,BTP-31,Arjun Nimmala,Toronto Blue Jays,
Bowman Scouts' Top 100,BTP-32,Samuel Basallo,Baltimore Orioles,
Bowman Scouts' Top 100,BTP-33,Emmanuel Rodriguez,Minnesota Twins,
Bowman Scouts' Top 100,BTP-34,Yanquiel Fernandez,Colorado Rockies,
Bowman Scouts' Top 100,BTP-35,Tyler Black,Milwaukee Brewers,
Bowman Scouts' Top 100,BTP-36,Drew Gilbert,New York Mets,
Bowman Scouts' Top 100,BTP-37,Jackson Jobe,Detroit Tigers,
Bowman Scouts' Top 100,BTP-38,Noble Meyer,Miami Marlins,
Bowman Scouts' Top 100,BTP-39,Diego Cartaya,Los Angeles Dodgers,
Bowman Scouts' Top 100,BTP-40,Edwin Arroyo,Cincinnati Reds,
Bowman Scouts' Top 100,BTP-41,Kyle Manzardo,Cleveland Guardians,
Bowman Scouts' Top 100,BTP-42,Robby Snelling,San Diego Padres,
Bowman Scouts' Top 100,BTP-43,Kyle Teel,Boston Red Sox,
Bowman Scouts' Top 100,BTP-44,Noah Schultz,Chicago White Sox,
Bowman Scouts' Top 100,BTP-45,Sebastian Walcott,Texas Rangers,
Bowman Scouts' Top 100,BTP-46,Dylan Lesko,San Diego Padres,
Bowman Scouts' Top 100,BTP-47,Owen Caissie,Chicago Cubs,
Bowman Scouts' Top 100,BTP-48,Gabriel Gonzalez,Seattle Mariners,
Bowman Scouts' Top 100,BTP-49,Jace Jung,Detroit Tigers,
Bowman Scouts' Top 100,BTP-50,Jared Jones,Pittsburgh Pirates,
Bowman Scouts' Top 100,BTP-51,Kevin Alcantara,Chicago Cubs,
Bowman Scouts' Top 100,BTP-52,Spencer Jones,New York Yankees,
Bowman Scouts' Top 100,BTP-53,Jacob Wilson,Oakland Athletics,
Bowman Scouts' Top 100,BTP-54,Justin Crawford,Philadelphia Phillies,
Bowman Scouts' Top 100,BTP-55,Jett Williams,New York Mets,
Bowman Scouts' Top 100,BTP-56,Daniel Espino,Cleveland Guardians,
Bowman Scouts' Top 100,BTP-57,Edgar Quero,Chicago White Sox,
Bowman Scouts' Top 100,BTP-58,Anthony Solometo,Pittsburgh Pirates,
Bowman Scouts' Top 100,BTP-59,Chase DeLauter,Cleveland Guardians,
Bowman Scouts' Top 100,BTP-60,Kevin Parada,New York Mets,
Bowman Scouts' Top 100,BTP-61,Aidan Miller,Philadelphia Phillies,
Bowman Scouts' Top 100,BTP-62,Zac Veen,Colorado Rockies,
Bowman Scouts' Top 100,BTP-63,Samuel Zavala,San Diego Padres,
Bowman Scouts' Top 100,BTP-64,Xavier Isaac,Tampa Bay Rays,
Bowman Scouts' Top 100,BTP-65,Matt Shaw,Chicago Cubs,
Bowman Scouts' Top 100,BTP-66,Tommy Troy,Arizona Diamondbacks,
Bowman Scouts' Top 100,BTP-67,Drew Thorpe,San Diego Padres,
Bowman Scouts' Top 100,BTP-68,Hurston Waldrep,Atlanta Braves,
Bowman Scouts' Top 100,BTP-69,Roderick Arias,New York Yankees,
Bowman Scouts' Top 100,BTP-70,Elijah Green,Washington Nationals,
Bowman Scouts' Top 100,BTP-71,Robert Hassell III,Washington Nationals,
Bowman Scouts' Top 100,BTP-72,Alex Ramírez,New York Mets,
Bowman Scouts' Top 100,BTP-73,Cam Collier,Cincinnati Reds,
Bowman Scouts' Top 100,BTP-74,Joendry Vargas,Los Angeles Dodgers,
Bowman Scouts' Top 100,BTP-75,Blake Mitchell,Kansas City Royals,
Bowman Scouts' Top 100,BTP-76,Felnin Celesten,Seattle Mariners,
Bowman Scouts' Top 100,BTP-77,Miguel Bleis,Boston Red Sox,
Bowman Scouts' Top 100,BTP-78,Drew Romo,Colorado Rockies,
Bowman Scouts' Top 100,BTP-79,Blaze Jordan,Boston Red Sox,
Bowman Scouts' Top 100,BTP-80,Cristhian Vaquero,Washington Nationals,
Bowman Scouts' Top 100,BTP-81,Enrique Bradfield Jr.,Baltimore Orioles,
Bowman Scouts' Top 100,BTP-82,Brando Mayea,New York Yankees,
Bowman Scouts' Top 100,BTP-83,Brayden Taylor,Tampa Bay Rays,
Bowman Scouts' Top 100,BTP-84,Lázaro Montes,Seattle Mariners,
Bowman Scouts' Top 100,BTP-85,Josue De Paula,Los Angeles Dodgers,
Bowman Scouts' Top 100,BTP-86,Carson Roccaforte,Kansas City Royals,
Bowman Scouts' Top 100,BTP-87,Chase Davis,St. Louis Cardinals,
Bowman Scouts' Top 100,BTP-88,Colin Houck,New York Mets,
Bowman Scouts' Top 100,BTP-89,Colt Emerson,Seattle Mariners,
Bowman Scouts' Top 100,BTP-90,Colton Ledbetter,Tampa Bay Rays,
Bowman Scouts' Top 100,BTP-91,Dillon Head,San Diego Padres,
Bowman Scouts' Top 100,BTP-92,Garret Forrester,Pittsburgh Pirates,
Bowman Scouts' Top 100,BTP-93,Jacob Gonzalez,Chicago White Sox,
Bowman Scouts' Top 100,BTP-94,Jonny Farmelo,Seattle Mariners,
Bowman Scouts' Top 100,BTP-95,Kemp Alderman,Miami Marlins,
Bowman Scouts' Top 100,BTP-96,Kendall George,Los Angeles Dodgers,
Bowman Scouts' Top 100,BTP-97,Alfredo Duno,Cincinnati Reds,
Bowman Scouts' Top 100,BTP-98,Ryan Clifford,New York Mets,
Bowman Scouts' Top 100,BTP-99,Luis Baez,Houston Astros,
Bowman Scouts' Top 100,BTP-100,James Triantos,Chicago Cubs,
Bowman Scouts' Top 100 Autographs,BTPA-1,Jackson Holliday,Baltimore Orioles,
Bowman Scouts' Top 100 Autographs,BTPA-2,Jackson Chourio,Milwaukee Brewers,
Bowman Scouts' Top 100 Autographs,BTPA-3,Paul Skenes,Pittsburgh Pirates,
Bowman Scouts' Top 100 Autographs,BTPA-4,Dylan Crews,Washington Nationals,
Bowman Scouts' Top 100 Autographs,BTPA-5,Ethan Salas,San Diego Padres,
Bowman Scouts' Top 100 Autographs,BTPA-6,James Wood,Washington Nationals,
Bowman Scouts' Top 100 Autographs,BTPA-7,Jackson Merrill,San Diego Padres,
Bowman Scouts' Top 100 Autographs,BTPA-8,Marcelo Mayer,Boston Red Sox,
Bowman Scouts' Top 100 Autographs,BTPA-9,Wyatt Langford,Texas Rangers,
Bowman Scouts' Top 100 Autographs,BTPA-10,Max Clark,Detroit Tigers,
Bowman Scouts' Top 100 Autographs,BTPA-11,Walker Jenkins,Minnesota Twins,
Bowman Scouts' Top 100 Autographs,BTPA-12,Colson Montgomery,Chicago White Sox,
Bowman Scouts' Top 100 Autographs,BTPA-13,Brooks Lee,Minnesota Twins,
Bowman Scouts' Top 100 Autographs,BTPA-15,Adael Amador,Colorado Rockies,
Bowman Scouts' Top 100 Autographs,BTPA-16,Termarr Johnson,Pittsburgh Pirates,
Bowman Scouts' Top 100 Autographs,BTPA-17,Colt Keith,Detroit Tigers,
Bowman Scouts' Top 100 Autographs,BTPA-21,Druw Jones,Arizona Diamondbacks,
Bowman Scouts' Top 100 Autographs,BTPA-22,Roman Anthony,Boston Red Sox,
Bowman Scouts' Top 100 Autographs,BTPA-23,Cole Young,Seattle Mariners,
Bowman Scouts' Top 100 Autographs,BTPA-24,Luisangel Acuña,New York Mets,
Bowman Scouts' Top 100 Autographs,BTPA-25,Harry Ford,Seattle Mariners,
Bowman Scouts' Top 100 Autographs,BTPA-27,Rhett Lowder,Cincinnati Reds,
Bowman Scouts' Top 100 Autographs,BTPA-28,Tink Hence,St. Louis Cardinals,
Bowman Scouts' Top 100 Autographs,BTPA-31,Arjun Nimmala,Toronto Blue Jays,
Bowman Scouts' Top 100 Autographs,BTPA-32,Samuel Basallo,Baltimore Orioles,
Bowman Scouts' Top 100 Autographs,BTPA-37,Jackson Jobe,Detroit Tigers,
Bowman Scouts' Top 100 Autographs,BTPA-39,Diego Cartaya,Los Angeles Dodgers,
Bowman Scouts' Top 100 Autographs,BTPA-41,Kyle Manzardo,Cleveland Guardians,
Bowman Scouts' Top 100 Autographs,BTPA-45,Sebastian Walcott,Texas Rangers,
Bowman Scouts' Top 100 Autographs,BTPA-48,Gabriel Gonzalez,Seattle Mariners,
Bowman Scouts' Top 100 Autographs,BTPA-51,Kevin Alcantara,Chicago Cubs,
Bowman Scouts' Top 100 Autographs,BTPA-60,Kevin Parada,New York Mets,
Bowman Scouts' Top 100 Autographs,BTPA-61,Aidan Miller,Philadelphia Phillies,
Bowman Scouts' Top 100 Autographs,BTPA-62,Zac Veen,Colorado Rockies,
Bowman Scouts' Top 100 Autographs,BTPA-63,Samuel Zavala,San Diego Padres,
Bowman Scouts' Top 100 Autographs,BTPA-65,Matt Shaw,Chicago Cubs,
Bowman Scouts' Top 100 Autographs,BTPA-66,Tommy Troy,Arizona Diamondbacks,
Bowman Scouts' Top 100 Autographs,BTPA-69,Roderick Arias,New York Yankees,
Bowman Scouts' Top 100 Autographs,BTPA-70,Elijah Green,Washington Nationals,
Bowman Scouts' Top 100 Autographs,BTPA-71,Robert Hassell III,Washington Nationals,
Bowman Scouts' Top 100 Autographs,BTPA-73,Cam Collier,Cincinnati Reds,
Bowman Scouts' Top 100 Autographs,BTPA-74,Joendry Vargas,Los Angeles Dodgers,
Bowman Scouts' Top 100 Autographs,BTPA-75,Blake Mitchell,Kansas City Royals,
Bowman Scouts' Top 100 Autographs,BTPA-76,Felnin Celesten,Seattle Mariners,
Bowman Scouts' Top 100 Autographs,BTPA-80,Cristhian Vaquero,Washington Nationals,
Bowman Scouts' Top 100 Autographs,BTPA-84,Lazaro Montes,Seattle Mariners,
Bowman Scouts' Top 100 Autographs,BTPA-87,Chase Davis,St. Louis Cardinals,
Bowman Scouts' Top 100 Autographs,BTPA-89,Colt Emerson,Seattle Mariners,
Bowman Scouts' Top 100 Autographs,BTPA-93,Jacob Gonzalez,Chicago White Sox,
Bowman Scouts' Top 100 Autographs,BTPA-97,Alfredo Duno,Cincinnati Reds,
Bowman Scouts' Top 100 Autographs,BTPA-99,Luis Baez,Houston Astros,
Bowman Spotlights,BS-1,Paul Skenes,Pittsburgh Pirates,
Bowman Spotlights,BS-2,Dylan Crews,Washington Nationals,
Bowman Spotlights,BS-3,Walker Jenkins,Minnesota Twins,
Bowman Spotlights,BS-4,James Wood,Washington Nationals,
Bowman Spotlights,BS-5,Ethan Salas,San Diego Padres,
Bowman Spotlights,BS-6,Elly De La Cruz,Cincinnati Reds,
Bowman Spotlights,BS-7,Sebastian Walcott,Texas Rangers,
Bowman Spotlights,BS-8,Junior Caminero,Tampa Bay Rays,
Bowman Spotlights,BS-9,Wyatt Langford,Texas Rangers,
Bowman Spotlights,BS-10,George Lombard Jr.,New York Yankees,
Bowman Spotlights,BS-11,Jordan Lawlar,Arizona Diamondbacks,
Bowman Spotlights,BS-12,Jasson Domínguez,New York Yankees,
Bowman Spotlights,BS-13,Pete Crow-Armstrong,Chicago Cubs,
Bowman Spotlights,BS-14,Evan Carter,Texas Rangers,
Chrome Prospect Autographs,CPA-AAN,Antonio Anderson,Boston Red Sox,
Chrome Prospect Autographs,CPA-AB,Anthony Baptist,New York Mets,
Chrome Prospect Autographs,CPA-ACA,Allan Castro,Boston Red Sox,
Chrome Prospect Autographs,CPA-AHU,Anthony Huezo,Houston Astros,
Chrome Prospect Autographs,CPA-AMI,Aidan Miller,Philadelphia Phillies,
Chrome Prospect Autographs,CPA-AMO,Aneudis Mordán,Baltimore Orioles,
Chrome Prospect Autographs,CPA-AN,Arjun Nimmala,Toronto Blue Jays,
Chrome Prospect Autographs,CPA-AO,Abimelec Ortiz,Texas Rangers,
Chrome Prospect Autographs,CPA-AR,Agustin Ramirez,New York Yankees,
Chrome Prospect Autographs,CPA-ARO,Alfonsin Rosario,Chicago Cubs,
Chrome Prospect Autographs,CPA-AS,Anthony Scull,Los Angeles Angels,
Chrome Prospect Autographs,CPA-ASM,Aidan Smith,Seattle Mariners,
Chrome Prospect Autographs,CPA-BBA,Boston Baro,New York Mets,
Chrome Prospect Autographs,CPA-BCH,Byron Chourio,Minnesota Twins,
Chrome Prospect Autographs,CPA-BE,Bryce Eldridge,San Francisco Giants,
Chrome Prospect Autographs,CPA-BK,Barrett Kent,Los Angeles Angels,
Chrome Prospect Autographs,CPA-BM,Brice Matthews,Houston Astros,
Chrome Prospect Autographs,CPA-BP,Brock Porter,Texas Rangers,
Chrome Prospect Autographs,CPA-BW,Brock Wilken,Milwaukee Brewers,
Chrome Prospect Autographs,CPA-BWI,Ben Williamson,Seattle Mariners,
Chrome Prospect Autographs,CPA-CO,Capri Ortiz,Los Angeles Angels,
Chrome Prospect Autographs,CPA-CP,Chandler Pollard,Texas Rangers,
Chrome Prospect Autographs,CPA-CPR,Cooper Pratt,Milwaukee Brewers,
Chrome Prospect Autographs,CPA-CQ,Cesar Quintas,San Francisco Giants,
Chrome Prospect Autographs,CPA-CR,Carson Rucker,Detroit Tigers,
Chrome Prospect Autographs,CPA-CSI,Carlos Silva,Minnesota Twins,
Chrome Prospect Autographs,CPA-CW,Carson Whisenhunt,San Francisco Giants,
Chrome Prospect Autographs,CPA-DB,Diego Benitez,Atlanta Braves,
Chrome Prospect Autographs,CPA-DC,Dylan Crews,Washington Nationals,
Chrome Prospect Autographs,CPA-DG,Douglas Glod,Atlanta Braves,
Chrome Prospect Autographs,CPA-DGN,David Guzman,Toronto Blue Jays,
Chrome Prospect Autographs,CPA-DS,Daniel Susac,Oakland Athletics,
Chrome Prospect Autographs,CPA-EB,Erick Bautista,Colorado Rockies,
Chrome Prospect Autographs,CPA-EBR,Enrique Bradfield Jr.,Baltimore Orioles,
Chrome Prospect Autographs,CPA-ES,Estuar Suero,Pittsburgh Pirates,
Chrome Prospect Autographs,CPA-ET,Erick Torres,Kansas City Royals,
Chrome Prospect Autographs,CPA-ETE,Enmanuel Tejeda,New York Yankees,
Chrome Prospect Autographs,CPA-EV,Esmerlyn Valdez,Pittsburgh Pirates,
Chrome Prospect Autographs,CPA-EVI,Esmil Valencia,Houston Astros,
Chrome Prospect Autographs,CPA-FDI,Filippo Di Turri,Milwaukee Brewers,
Chrome Prospect Autographs,CPA-FM,Felix Morrobel,Los Angeles Angels,
Chrome Prospect Autographs,CPA-GG,Gino Groover,Arizona Diamondbacks,
Chrome Prospect Autographs,CPA-GLO,George Lombard Jr.,New York Yankees,
Chrome Prospect Autographs,CPA-GR,German Ramirez,Houston Astros,
Chrome Prospect Autographs,CPA-GWO,George Wolkow,Chicago White Sox,
Chrome Prospect Autographs,CPA-ID,Isaiah Drake,Atlanta Braves,
Chrome Prospect Autographs,CPA-JA,Jadher Areinamo,Milwaukee Brewers,
Chrome Prospect Autographs,CPA-JB,Jacob Burke,Chicago White Sox,
Chrome Prospect Autographs,CPA-JCZ,John Cruz,New York Yankees,
Chrome Prospect Autographs,CPA-JDI,Jared Dickey,Kansas City Royals,
Chrome Prospect Autographs,CPA-JG,Johanfran Garcia,Boston Red Sox,
Chrome Prospect Autographs,CPA-JGO,J.D. Gonzalez,San Diego Padres,
Chrome Prospect Autographs,CPA-JMH,Jorge Marcheco,Los Angeles Angels,
Chrome Prospect Autographs,CPA-JR,Jesus Rodriguez,New York Yankees,
Chrome Prospect Autographs,CPA-JRI,Josh Rivera,Chicago Cubs,
Chrome Prospect Autographs,CPA-JRO,Jeffry Rosa,New York Mets,
Chrome Prospect Autographs,CPA-JS,Jared Serna,New York Yankees,
Chrome Prospect Autographs,CPA-JW,John Wimmer,Los Angeles Angels,
Chrome Prospect Autographs,CPA-JWI,Jacob Wilson,Oakland Athletics,
Chrome Prospect Autographs,CPA-KHI,Kelvin Hidalgo,Colorado Rockies,
Chrome Prospect Autographs,CPA-KT,Kyle Teel,Boston Red Sox,
Chrome Prospect Autographs,CPA-LA,Luke Adams,Milwaukee Brewers,
Chrome Prospect Autographs,CPA-LB,Luis Baez,Houston Astros,
Chrome Prospect Autographs,CPA-MS,Matt Shaw,Chicago Cubs,
Chrome Prospect Autographs,CPA-MW,Max Wagner,Baltimore Orioles,
Chrome Prospect Autographs,CPA-PS,Paul Skenes,Pittsburgh Pirates,
Chrome Prospect Autographs,CPA-RBU,Ryan Burrowes,Chicago White Sox,
Chrome Prospect Autographs,CPA-RC,Rolphy Cruz,Baltimore Orioles,
Chrome Prospect Autographs,CPA-RCA,Robert Calaz,Colorado Rockies,
Chrome Prospect Autographs,CPA-RH,Raylin Heredia,Philadelphia Phillies,
Chrome Prospect Autographs,CPA-RHE,Ronny Hernandez,Chicago White Sox,
Chrome Prospect Autographs,CPA-RLAS,Ryan Lasko,Oakland Athletics,
Chrome Prospect Autographs,CPA-RN,Rikuu Nishida,Chicago White Sox,
Chrome Prospect Autographs,CPA-RRZ,Ramon Ramirez,Kansas City Royals,
Chrome Prospect Autographs,CPA-SC,Stanley Consuegra,New York Mets,
Chrome Prospect Autographs,CPA-SS,Sam Shaw,Toronto Blue Jays,
Chrome Prospect Autographs,CPA-SW,Sebastian Walcott,Texas Rangers,
Chrome Prospect Autographs,CPA-TB,Tony Blanco Jr.,Pittsburgh Pirates,
Chrome Prospect Autographs,CPA-TJ,Tavian Josenberger,Baltimore Orioles,
Chrome Prospect Autographs,CPA-TR,Tony Ruiz,Kansas City Royals,
Chrome Prospect Autographs,CPA-TSY,Travis Sykora,Washington Nationals,
Chrome Prospect Autographs,CPA-TT,Tommy Troy,Arizona Diamondbacks,
Chrome Prospect Autographs,CPA-WJ,Walker Jenkins,Minnesota Twins,
Chrome Prospect Autographs,CPA-WLA,Wyatt Langford,Texas Rangers,
Chrome Prospect Autographs,CPA-WM,Walker Martin,San Francisco Giants,
Chrome Prospect Autographs,CPA-YCE,Yoeilin Cespedes,Boston Red Sox,
Chrome Prospect Autographs,CPA-YM,Yohandy Morales,Washington Nationals,
Chrome Prospects Special Die-Cut Variations,BCPD-12,Josue De Paula,Los Angeles Dodgers,
Chrome Prospects Special Die-Cut Variations,BCPD-23,Dylan Crews,Washington Nationals,
Chrome Prospects Special Die-Cut Variations,BCPD-27,Aidan Miller,Philadelphia Phillies,
Chrome Prospects Special Die-Cut Variations,BCPD-32,Spencer Jones,New York Yankees,
Chrome Prospects Special Die-Cut Variations,BCPD-41,Jacob Gonzalez,Chicago White Sox,
Chrome Prospects Special Die-Cut Variations,BCPD-43,Walker Jenkins,Minnesota Twins,
Chrome Prospects Special Die-Cut Variations,BCPD-47,Jackson Holliday,Baltimore Orioles,
Chrome Prospects Special Die-Cut Variations,BCPD-48,Kyle Teel,Boston Red Sox,
Chrome Prospects Special Die-Cut Variations,BCPD-60,Druw Jones,Arizona Diamondbacks,
Chrome Prospects Special Die-Cut Variations,BCPD-64,Wyatt Langford,Texas Rangers,
Chrome Prospects Special Die-Cut Variations,BCPD-66,Luis Baez,Houston Astros,
Chrome Prospects Special Die-Cut Variations,BCPD-74,Max Clark,Detroit Tigers,
Chrome Prospects Special Die-Cut Variations,BCPD-79,George Lombard Jr.,New York Yankees,
Chrome Prospects Special Die-Cut Variations,BCPD-81,Sebastian Walcott,Texas Rangers,
Chrome Prospects Special Die-Cut Variations,BCPD-86,Brock Wilken,Milwaukee Brewers,
Chrome Prospects Special Die-Cut Variations,BCPD-102,Ethan Salas,San Diego Padres,
Chrome Prospects Special Die-Cut Variations,BCPD-125,Paul Skenes,Pittsburgh Pirates,
Chrome Prospects Special Die-Cut Variations,BCPD-134,Bryce Eldridge,San Francisco Giants,
Chrome Prospects Special Die-Cut Variations,BCPD-140,Jackson Chourio,Milwaukee Brewers,
Chrome Prospects Special Die-Cut Variations,BCPD-142,Arjun Nimmala,Toronto Blue Jays,
Chrome Retrofractors,BCP-151,Pete Rose,Cincinnati Reds,
Chrome Retrofractors,BCP-152,Bob Gibson,St. Louis Cardinals,
Chrome Retrofractors Autographs,BRA-PR,Pete Rose,Cincinnati Reds,
Chrome Rookie Autographs,CRA-AC,Alexander Canario,Chicago Cubs,
Chrome Rookie Autographs,CRA-AW,Austin Wells,New York Yankees,
Chrome Rookie Autographs,CRA-BW,Bryan Woo,Seattle Mariners,
Chrome Rookie Autographs,CRA-CC,Colton Cowser,Baltimore Orioles,
Chrome Rookie Autographs,CRA-CE,Christian Encarnacion-Stra,Cincinnati Reds,
Chrome Rookie Autographs,CRA-CM,Cade Marlowe,Seattle Mariners,
Chrome Rookie Autographs,CRA-CME,Curtis Mead,Tampa Bay Rays,
Chrome Rookie Autographs,CRA-CRA,Ceddanne Rafaela,Boston Red Sox,
Chrome Rookie Autographs,CRA-ED,Elly De La Cruz,Cincinnati Reds,
Chrome Rookie Autographs,CRA-GK,Grae Kessinger,Houston Astros,
Chrome Rookie Autographs,CRA-HK,Heston Kjerstad,Baltimore Orioles,
Chrome Rookie Autographs,CRA-JCA,Junior Caminero,Tampa Bay Rays,
Chrome Rookie Autographs,CRA-JD,Jasson Domínguez,New York Yankees,
Chrome Rookie Autographs,CRA-JL,Jordan Lawlar,Arizona Diamondbacks,
Chrome Rookie Autographs,CRA-JLE,Jung hoo Lee,San Francisco Giants,
Chrome Rookie Autographs,CRA-KH,Kyle Harrison,San Francisco Giants,
Chrome Rookie Autographs,CRA-LB,Lawrence Butler,Oakland Athletics,
Chrome Rookie Autographs,CRA-LM,Luis Matos,San Francisco Giants,
Chrome Rookie Autographs,CRA-NG,Nick Gonzales,Pittsburgh Pirates,
Chrome Rookie Autographs,CRA-NM,Noelvi Marte,Cincinnati Reds,
Chrome Rookie Autographs,CRA-NS,Nolan Schanuel,Los Angeles Angels,
Chrome Rookie Autographs,CRA-PC,Pete Crow-Armstrong,Chicago Cubs,
Chrome Rookie Autographs,CRA-QP,Quinn Priester,Pittsburgh Pirates,
Chrome Rookie Autographs,CRA-SF,Sal Frelick,Milwaukee Brewers,
Chrome Rookie Autographs,CRA-ST,Samad Taylor,Kansas City Royals,
Chrome Rookie Autographs,CRA-TS,Tyler Soderstrom,Oakland Athletics,
Chrome Rookie Autographs,CRA-YY,Yoshinobu Yamamoto,Los Angeles Dodgers,
Chrome Rookie Autographs Samurai Japan Variations,CRAV-YY,Yoshinobu Yamamoto,Los Angeles Dodgers,- Samurai Japan
Dual Bowman Prospect Autographs,DBPA-CC,Jaison Chourio / Jackson Chourio,Cleveland Guardians,
Dual Bowman Prospect Autographs,DBPA-CC,Jaison Chourio / Jackson Chourio,Milwaukee Brewers,
Dual Bowman Prospect Autographs,DBPA-CJ,Walker Jenkins / Max Clark,Minnesota Twins,
Dual Bowman Prospect Autographs,DBPA-CJ,Walker Jenkins / Max Clark,Detroit Tigers,
Dual Bowman Prospect Autographs,DBPA-CRC,Max Clark / Dylan Crews,Detroit Tigers,
Dual Bowman Prospect Autographs,DBPA-CRC,Max Clark / Dylan Crews,Washington Nationals,
Dual Bowman Prospect Autographs,DBPA-CRJ,Walker Jenkins / Dylan Crews,Minnesota Twins,
Dual Bowman Prospect Autographs,DBPA-CRJ,Walker Jenkins / Dylan Crews,Washington Nationals,
Dual Bowman Prospect Autographs,DBPA-NL,George Lombard Jr. / Arjun Nimmala,New York Yankees,
Dual Bowman Prospect Autographs,DBPA-NL,George Lombard Jr. / Arjun Nimmala,Toronto Blue Jays,
Dual Bowman Prospect Autographs,DBPA-SC,Dylan Crews / Paul Skenes,Washington Nationals,
Dual Bowman Prospect Autographs,DBPA-SC,Dylan Crews / Paul Skenes,Pittsburgh Pirates,
Gladiators of the Diamond,GOTD-1,Elly De La Cruz,Cincinnati Reds,
Gladiators of the Diamond,GOTD-2,Jasson Domínguez,New York Yankees,
Gladiators of the Diamond,GOTD-3,Junior Caminero,Tampa Bay Rays,
Gladiators of the Diamond,GOTD-4,Evan Carter,Texas Rangers,
Gladiators of the Diamond,GOTD-5,Pete Crow-Armstrong,Chicago Cubs,
Gladiators of the Diamond,GOTD-6,Jackson Holliday,Baltimore Orioles,
Gladiators of the Diamond,GOTD-7,Jackson Chourio,Milwaukee Brewers,
Gladiators of the Diamond,GOTD-8,Ethan Salas,San Diego Padres,
Gladiators of the Diamond,GOTD-9,Justin Crawford,Philadelphia Phillies,
Gladiators of the Diamond,GOTD-10,Paul Skenes,Pittsburgh Pirates,
Gladiators of the Diamond,GOTD-11,Felnin Celesten,Seattle Mariners,
Gladiators of the Diamond,GOTD-12,Wyatt Langford,Texas Rangers,
Gladiators of the Diamond,GOTD-13,Max Clark,Detroit Tigers,
Gladiators of the Diamond,GOTD-14,Walker Jenkins,Minnesota Twins,
Gladiators of the Diamond,GOTD-15,Druw Jones,Arizona Diamondbacks,
Gladiators of the Diamond,GOTD-16,Jordan Lawlar,Arizona Diamondbacks,
Gladiators of the Diamond,GOTD-17,Spencer Jones,New York Yankees,
Gladiators of the Diamond,GOTD-18,Sebastian Walcott,Texas Rangers,
Gladiators of the Diamond,GOTD-19,Marcelo Mayer,Boston Red Sox,
Gladiators of the Diamond,GOTD-20,Marco Luciano,San Francisco Giants,
Gladiators of the Diamond,GOTD-21,Masyn Winn,St. Louis Cardinals,
Gladiators of the Diamond,GOTD-22,Luisangel Acuña,New York Mets,
Gladiators of the Diamond,GOTD-23,Ronny Mauricio,New York Mets,
Gladiators of the Diamond,GOTD-24,Aidan Miller,Philadelphia Phillies,
Gladiators of the Diamond,GOTD-25,George Lombard Jr.,New York Yankees,
Gladiators of the Diamond Autographs,GDA-AM,Aidan Miller,Philadelphia Phillies,
Gladiators of the Diamond Autographs,GDA-DJ,Druw Jones,Arizona Diamondbacks,
Gladiators of the Diamond Autographs,GDA-EC,Evan Carter,Texas Rangers,
Gladiators of the Diamond Autographs,GDA-ED,Elly De La Cruz,Cincinnati Reds,
Gladiators of the Diamond Autographs,GDA-ES,Ethan Salas,San Diego Padres,
Gladiators of the Diamond Autographs,GDA-FC,Felnin Celesten,Seattle Mariners,
Gladiators of the Diamond Autographs,GDA-JCA,Junior Caminero,Tampa Bay Rays,
Gladiators of the Diamond Autographs,GDA-JCH,Jackson Chourio,Milwaukee Brewers,
Gladiators of the Diamond Autographs,GDA-JD,Jasson Domínguez,New York Yankees,
Gladiators of the Diamond Autographs,GDA-JH,Jackson Holliday,Baltimore Orioles,
Gladiators of the Diamond Autographs,GDA-JL,Jordan Lawlar,Arizona Diamondbacks,
Gladiators of the Diamond Autographs,GDA-LA,Luisangel Acuña,New York Mets,
Gladiators of the Diamond Autographs,GDA-MC,Max Clark,Detroit Tigers,
Gladiators of the Diamond Autographs,GDA-MM,Marcelo Mayer,Boston Red Sox,
Gladiators of the Diamond Autographs,GDA-MW,Masyn Winn,St. Louis Cardinals,
Gladiators of the Diamond Autographs,GDA-PC,Pete Crow-Armstrong,Chicago Cubs,
Gladiators of the Diamond Autographs,GDA-PS,Paul Skenes,Pittsburgh Pirates,
Gladiators of the Diamond Autographs,GDA-SJ,Spencer Jones,New York Yankees,
Gladiators of the Diamond Autographs,GDA-WJ,Walker Jenkins,Minnesota Twins,
Gladiators of the Diamond Autographs,GDA-WL,Wyatt Langford,Texas Rangers,
Origin of Greatness,OOG-1,Jackson Holliday,Baltimore Orioles,
Origin of Greatness,OOG-2,Jackson Chourio,Milwaukee Brewers,
Origin of Greatness,OOG-3,Ethan Salas,San Diego Padres,
Origin of Greatness,OOG-4,Dylan Crews,Washington Nationals,
Origin of Greatness,OOG-5,Paul Skenes,Pittsburgh Pirates,
Origin of Greatness,OOG-6,Wyatt Langford,Texas Rangers,
Origin of Greatness,OOG-7,Max Clark,Detroit Tigers,
Origin of Greatness,OOG-8,Walker Jenkins,Minnesota Twins,
Origin of Greatness,OOG-9,Druw Jones,Arizona Diamondbacks,
Origin of Greatness,OOG-10,Spencer Jones,New York Yankees,
Origin of Greatness,OOG-11,James Wood,Washington Nationals,
Origin of Greatness,OOG-12,Marcelo Mayer,Boston Red Sox,
Origin of Greatness,OOG-13,Felnin Celesten,Seattle Mariners,
Origin of Greatness,OOG-14,Sebastian Walcott,Texas Rangers,
Origin of Greatness,OOG-15,Aidan Miller,Philadelphia Phillies,
Origin of Greatness,OOG-16,George Lombard Jr.,New York Yankees,
Origin of Greatness,OOG-17,Bryce Eldridge,San Francisco Giants,
Origin of Greatness,OOG-18,Luisangel Acuña,New York Mets,
Origin of Greatness,OOG-19,Lazaro Montes,Seattle Mariners,
Origin of Greatness,OOG-20,Roman Anthony,Boston Red Sox,
Prospect Power-Up,PP-1,Walker Jenkins,Minnesota Twins,
Prospect Power-Up,PP-2,Samuel Zavala,San Diego Padres,
Prospect Power-Up,PP-3,Wyatt Langford,Texas Rangers,
Prospect Power-Up,PP-4,Druw Jones,Arizona Diamondbacks,
Prospect Power-Up,PP-5,Jackson Holliday,Baltimore Orioles,
Prospect Power-Up,PP-6,Jackson Chourio,Milwaukee Brewers,
Prospect Power-Up,PP-7,Brock Wilken,Milwaukee Brewers,
Prospect Power-Up,PP-8,Samuel Basallo,Baltimore Orioles,
Prospect Power-Up,PP-9,Spencer Jones,New York Yankees,
Prospect Power-Up,PP-10,Dylan Crews,Washington Nationals,
Prospect Power-Up,PP-11,Ethan Salas,San Diego Padres,
Prospect Power-Up,PP-12,Max Clark,Detroit Tigers,
Prospect Power-Up,PP-13,Roman Anthony,Boston Red Sox,
Prospect Power-Up,PP-14,James Wood,Washington Nationals,
Prospect Power-Up,PP-15,Xavier Isaac,Tampa Bay Rays,
Prospect Power-Up,PP-16,Matt Shaw,Chicago Cubs,
Prospect Power-Up,PP-17,George Lombard Jr.,New York Yankees,
Prospect Power-Up,PP-18,Aidan Miller,Philadelphia Phillies,
Prospect Power-Up,PP-19,Bryce Eldridge,San Francisco Giants,
Prospect Power-Up,PP-20,Sebastian Walcott,Texas Rangers,
Prospects Power-Up Autographs,PPA-AM,Aidan Miller,Philadelphia Phillies,
Prospects Power-Up Autographs,PPA-BW,Brock Wilken,Milwaukee Brewers,
Prospects Power-Up Autographs,PPA-DC,Dylan Crews,Washington Nationals,
Prospects Power-Up Autographs,PPA-DJ,Druw Jones,Arizona Diamondbacks,
Prospects Power-Up Autographs,PPA-ES,Ethan Salas,San Diego Padres,
Prospects Power-Up Autographs,PPA-GL,George Lombard Jr.,New York Yankees,
Prospects Power-Up Autographs,PPA-JC,Jackson Chourio,Milwaukee Brewers,
Prospects Power-Up Autographs,PPA-JH,Jackson Holliday,Baltimore Orioles,
Prospects Power-Up Autographs,PPA-LM,Lazaro Montes,Seattle Mariners,
Prospects Power-Up Autographs,PPA-MC,Max Clark,Detroit Tigers,
Prospects Power-Up Autographs,PPA-MS,Matt Shaw,Chicago Cubs,
Prospects Power-Up Autographs,PPA-RA,Roman Anthony,Boston Red Sox,
Prospects Power-Up Autographs,PPA-SJ,Spencer Jones,New York Yankees,
Prospects Power-Up Autographs,PPA-SW,Sebastian Walcott,Texas Rangers,
Prospects Power-Up Autographs,PPA-SZ,Samuel Zavala,San Diego Padres,
Prospects Power-Up Autographs,PPA-WJ,Walker Jenkins,Minnesota Twins,
Prospects Power-Up Autographs,PPA-WL,Wyatt Langford,Texas Rangers,
Prospects Power-Up Autographs,PPA-XI,Xavier Isaac,Tampa Bay Rays,
Rising Infernos,RI-1,Elly De La Cruz,Cincinnati Reds,
Rising Infernos,RI-2,Jasson Domínguez,New York Yankees,
Rising Infernos,RI-3,Jordan Lawlar,Arizona Diamondbacks,
Rising Infernos,RI-4,Pete Crow-Armstrong,Chicago Cubs,
Rising Infernos,RI-5,Evan Carter,Texas Rangers,
Rising Infernos,RI-6,Junior Caminero,Tampa Bay Rays,
Rising Infernos,RI-7,Masyn Winn,St. Louis Cardinals,
Rising Infernos,RI-8,Max Clark,Detroit Tigers,
Rising Infernos,RI-9,Jackson Holliday,Baltimore Orioles,
Rising Infernos,RI-10,Druw Jones,Arizona Diamondbacks,
Rising Infernos,RI-11,Dylan Crews,Washington Nationals,
Rising Infernos,RI-12,Ethan Salas,San Diego Padres,
Rising Infernos,RI-13,Wyatt Langford,Texas Rangers,
Rising Infernos,RI-14,Walker Jenkins,Minnesota Twins,
Rising Infernos,RI-15,George Lombard Jr.,New York Yankees,
Rising Infernos,RI-16,Xavier Isaac,Tampa Bay Rays,
Rising Infernos,RI-17,Aidan Miller,Philadelphia Phillies,
Rising Infernos,RI-18,Roman Anthony,Boston Red Sox,
Rising Infernos,RI-19,Lazaro Montes,Seattle Mariners,
Rising Infernos,RI-20,Jackson Chourio,Milwaukee Brewers,
Rising Infernos Autographs,RIA-AM,Aidan Miller,Philadelphia Phillies,
Rising Infernos Autographs,RIA-AN,Arjun Nimmala,Toronto Blue Jays,
Rising Infernos Autographs,RIA-DJ,Druw Jones,Arizona Diamondbacks,
Rising Infernos Autographs,RIA-EC,Evan Carter,Texas Rangers,
Rising Infernos Autographs,RIA-ED,Elly De La Cruz,Cincinnati Reds,
Rising Infernos Autographs,RIA-JC,Junior Caminero,Tampa Bay Rays,
Rising Infernos Autographs,RIA-JD,Jasson Domínguez,New York Yankees,
Rising Infernos Autographs,RIA-JH,Jackson Holliday,Baltimore Orioles,
Rising Infernos Autographs,RIA-JL,Jordan Lawlar,Arizona Diamondbacks,
Rising Infernos Autographs,RIA-MC,Max Clark,Detroit Tigers,
Rising Infernos Autographs,RIA-MW,Masyn Winn,St. Louis Cardinals,
Rising Infernos Autographs,RIA-PC,Pete Crow-Armstrong,Chicago Cubs,
Rising Infernos Autographs,RIA-RA,Roman Anthony,Boston Red Sox,
Rising Infernos Autographs,RIA-WJ,Walker Jenkins,Minnesota Twins,
Rising Infernos Autographs,RIA-WL,Wyatt Langford,Texas Rangers,
Rookie of the Year Favorites,ROY-1,Ronny Mauricio,New York Mets,
Rookie of the Year Favorites,ROY-2,Austin Wells,New York Yankees,
Rookie of the Year Favorites,ROY-3,Masyn Winn,St. Louis Cardinals,
Rookie of the Year Favorites,ROY-4,Noelvi Marte,Cincinnati Reds,
Rookie of the Year Favorites,ROY-5,Ceddanne Rafaela,Boston Red Sox,
Rookie of the Year Favorites,ROY-6,Jasson Domínguez,New York Yankees,
Rookie of the Year Favorites,ROY-7,Jordan Lawlar,Arizona Diamondbacks,
Rookie of the Year Favorites,ROY-8,Junior Caminero,Tampa Bay Rays,
Rookie of the Year Favorites,ROY-9,Nolan Schanuel,Los Angeles Angels,
Rookie of the Year Favorites,ROY-10,Curtis Mead,Tampa Bay Rays,
Rookie of the Year Favorites,ROY-11,Marco Luciano,San Francisco Giants,
Rookie of the Year Favorites,ROY-12,Evan Carter,Texas Rangers,
Rookie of the Year Favorites,ROY-13,Pete Crow-Armstrong,Chicago Cubs,
Rookie of the Year Favorites,ROY-14,Heston Kjerstad,Baltimore Orioles,
Rookie of the Year Favorites,ROY-15,Everson Pereira,New York Yankees,
Rookie of the Year Favorites Autographs,ROY-CM,Curtis Mead,Tampa Bay Rays,
Rookie of the Year Favorites Autographs,ROY-EC,Evan Carter,Texas Rangers,
Rookie of the Year Favorites Autographs,ROY-EP,Everson Pereira,New York Yankees,
Rookie of the Year Favorites Autographs,ROY-HK,Heston Kjerstad,Baltimore Orioles,
Rookie of the Year Favorites Autographs,ROY-JC,Junior Caminero,Tampa Bay Rays,
Rookie of the Year Favorites Autographs,ROY-JD,Jasson Domínguez,New York Yankees,
Rookie of the Year Favorites Autographs,ROY-JL,Jordan Lawlar,Arizona Diamondbacks,
Rookie of the Year Favorites Autographs,ROY-MW,Masyn Winn,St. Louis Cardinals,
Rookie of the Year Favorites Autographs,ROY-NM,Noelvi Marte,Cincinnati Reds,
Rookie of the Year Favorites Autographs,ROY-NS,Nolan Schanuel,Los Angeles Angels,
Rookie of the Year Favorites Autographs,ROY-PC,Pete Crow-Armstrong,Chicago Cubs,